decalage	unique	phase	marge	rx_avant	daram_len	vraies	mots_distincts	crc_ok	sb_tentees
-5	0	0.0	0	0	296	0	1	1	75
-5	0	0.0	0	0	380	0	1	1	75
-5	0	0.0	0	1	296	0	0	0	60
-5	0	0.0	0	1	380	0	0	0	60
-5	0	0.0	10	0	296	0	0	0	78
-5	0	0.0	10	0	380	0	0	0	78
-5	0	0.0	10	1	296	0	0	0	60
-5	0	0.0	10	1	380	0	0	0	60
-5	0	0.0	21	0	296	0	0	0	74
-5	0	0.0	21	0	380	0	0	0	74
-5	0	0.0	21	1	296	0	0	0	64
-5	0	0.0	21	1	380	0	0	0	64
-5	0	0.0	30	0	296	0	1	2	75
-5	0	0.0	30	0	380	0	1	2	75
-5	0	0.0	30	1	296	0	0	0	62
-5	0	0.0	30	1	380	0	0	0	62
-5	0	0.0	41	0	296	0	1	1	73
-5	0	0.0	41	0	380	0	1	1	73
-5	0	0.0	41	1	296	0	1	1	61
-5	0	0.0	41	1	380	0	1	1	61
-5	0	0.1	0	0	296	0	4	4	75
-5	0	0.1	0	0	380	0	4	4	75
-5	0	0.1	0	1	296	0	1	1	63
-5	0	0.1	0	1	380	0	1	1	63
-5	0	0.1	10	0	296	0	1	1	76
-5	0	0.1	10	0	380	0	1	1	76
-5	0	0.1	10	1	296	0	0	0	66
-5	0	0.1	10	1	380	0	0	0	66
-5	0	0.1	21	0	296	0	0	0	74
-5	0	0.1	21	0	380	0	0	0	74
-5	0	0.1	21	1	296	0	0	0	64
-5	0	0.1	21	1	380	0	0	0	64
-5	0	0.1	30	0	296	0	2	2	74
-5	0	0.1	30	0	380	0	2	2	74
-5	0	0.1	30	1	296	0	3	3	66
-5	0	0.1	30	1	380	0	3	3	66
-5	0	0.1	41	0	296	0	0	0	74
-5	0	0.1	41	0	380	0	0	0	74
-5	0	0.1	41	1	296	0	2	2	63
-5	0	0.1	41	1	380	0	2	2	63
-5	0	0.2	0	0	296	0	1	4	73
-5	0	0.2	0	0	380	0	1	4	73
-5	0	0.2	0	1	296	0	5	5	62
-5	0	0.2	0	1	380	0	5	5	62
-5	0	0.2	10	0	296	0	1	1	77
-5	0	0.2	10	0	380	0	1	1	77
-5	0	0.2	10	1	296	0	1	3	63
-5	0	0.2	10	1	380	0	1	3	63
-5	0	0.2	21	0	296	0	1	1	80
-5	0	0.2	21	0	380	0	1	1	80
-5	0	0.2	21	1	296	0	2	4	59
-5	0	0.2	21	1	380	0	2	4	59
-5	0	0.2	30	0	296	0	2	2	74
-5	0	0.2	30	0	380	0	2	2	74
-5	0	0.2	30	1	296	0	4	9	61
-5	0	0.2	30	1	380	0	4	9	61
-5	0	0.2	41	0	296	0	2	2	74
-5	0	0.2	41	0	380	0	2	2	74
-5	0	0.2	41	1	296	0	3	3	62
-5	0	0.2	41	1	380	0	3	3	62
-5	0	0.3	0	0	296	0	4	4	75
-5	0	0.3	0	0	380	0	4	4	75
-5	0	0.3	0	1	296	0	3	3	62
-5	0	0.3	0	1	380	0	3	3	62
-5	0	0.3	10	0	296	0	3	5	72
-5	0	0.3	10	0	380	0	3	5	72
-5	0	0.3	10	1	296	0	2	2	62
-5	0	0.3	10	1	380	0	2	2	62
-5	0	0.3	21	0	296	0	1	1	74
-5	0	0.3	21	0	380	0	1	1	74
-5	0	0.3	21	1	296	0	3	3	62
-5	0	0.3	21	1	380	0	3	3	62
-5	0	0.3	30	0	296	0	2	2	75
-5	0	0.3	30	0	380	0	2	2	75
-5	0	0.3	30	1	296	0	2	2	63
-5	0	0.3	30	1	380	0	2	2	63
-5	0	0.3	41	0	296	0	5	6	72
-5	0	0.3	41	0	380	0	5	6	72
-5	0	0.3	41	1	296	0	3	3	60
-5	0	0.3	41	1	380	0	3	3	60
-5	0	0.4	0	0	296	0	1	1	77
-5	0	0.4	0	0	380	0	1	1	77
-5	0	0.4	0	1	296	0	1	2	64
-5	0	0.4	0	1	380	0	1	2	64
-5	0	0.4	10	0	296	0	6	6	78
-5	0	0.4	10	0	380	0	6	6	78
-5	0	0.4	10	1	296	0	0	0	60
-5	0	0.4	10	1	380	0	0	0	60
-5	0	0.4	21	0	296	0	3	6	76
-5	0	0.4	21	0	380	0	3	6	76
-5	0	0.4	21	1	296	0	2	2	66
-5	0	0.4	21	1	380	0	2	2	66
-5	0	0.4	30	0	296	0	2	4	75
-5	0	0.4	30	0	380	0	2	4	75
-5	0	0.4	30	1	296	0	1	1	68
-5	0	0.4	30	1	380	0	1	1	68
-5	0	0.4	41	0	296	0	1	1	73
-5	0	0.4	41	0	380	0	1	1	73
-5	0	0.4	41	1	296	0	2	2	62
-5	0	0.4	41	1	380	0	2	2	62
-5	0	0.5	0	0	296	0	2	2	75
-5	0	0.5	0	0	380	0	2	2	75
-5	0	0.5	0	1	296	0	1	1	65
-5	0	0.5	0	1	380	0	1	1	65
-5	0	0.5	10	0	296	0	1	1	75
-5	0	0.5	10	0	380	0	1	1	75
-5	0	0.5	10	1	296	0	1	1	66
-5	0	0.5	10	1	380	0	1	1	66
-5	0	0.5	21	0	296	0	1	3	76
-5	0	0.5	21	0	380	0	1	3	76
-5	0	0.5	21	1	296	0	1	1	66
-5	0	0.5	21	1	380	0	1	1	66
-5	0	0.5	30	0	296	0	2	2	77
-5	0	0.5	30	0	380	0	2	2	77
-5	0	0.5	30	1	296	0	2	2	65
-5	0	0.5	30	1	380	0	2	2	65
-5	0	0.5	41	0	296	0	2	2	75
-5	0	0.5	41	0	380	0	2	2	75
-5	0	0.5	41	1	296	0	1	1	65
-5	0	0.5	41	1	380	0	1	1	65
-5	0	0.6	0	0	296	0	4	4	76
-5	0	0.6	0	0	380	0	4	4	76
-5	0	0.6	0	1	296	0	1	1	62
-5	0	0.6	0	1	380	0	1	1	62
-5	0	0.6	10	0	296	0	2	2	76
-5	0	0.6	10	0	380	0	2	2	76
-5	0	0.6	10	1	296	0	1	1	62
-5	0	0.6	10	1	380	0	1	1	62
-5	0	0.6	21	0	296	0	2	2	76
-5	0	0.6	21	0	380	0	2	2	76
-5	0	0.6	21	1	296	0	1	1	60
-5	0	0.6	21	1	380	0	1	1	60
-5	0	0.6	30	0	296	0	1	1	75
-5	0	0.6	30	0	380	0	1	1	75
-5	0	0.6	30	1	296	0	2	2	61
-5	0	0.6	30	1	380	0	2	2	61
-5	0	0.6	41	0	296	0	1	1	76
-5	0	0.6	41	0	380	0	1	1	76
-5	0	0.6	41	1	296	0	1	1	60
-5	0	0.6	41	1	380	0	1	1	60
-5	0	0.7	0	0	296	0	2	2	79
-5	0	0.7	0	0	380	0	2	2	79
-5	0	0.7	0	1	296	0	0	0	72
-5	0	0.7	0	1	380	0	0	0	72
-5	0	0.7	10	0	296	0	2	3	76
-5	0	0.7	10	0	380	0	2	3	76
-5	0	0.7	10	1	296	0	1	3	68
-5	0	0.7	10	1	380	0	1	3	68
-5	0	0.7	21	0	296	0	1	2	77
-5	0	0.7	21	0	380	0	1	2	77
-5	0	0.7	21	1	296	0	1	3	64
-5	0	0.7	21	1	380	0	1	3	64
-5	0	0.7	30	0	296	0	1	1	79
-5	0	0.7	30	0	380	0	1	1	79
-5	0	0.7	30	1	296	0	0	0	70
-5	0	0.7	30	1	380	0	0	0	70
-5	0	0.7	41	0	296	0	1	1	77
-5	0	0.7	41	0	380	0	1	1	77
-5	0	0.7	41	1	296	0	1	4	66
-5	0	0.7	41	1	380	0	1	4	66
-5	0	0.8	0	0	296	0	5	5	72
-5	0	0.8	0	0	380	0	5	5	72
-5	0	0.8	0	1	296	0	0	0	70
-5	0	0.8	0	1	380	0	0	0	70
-5	0	0.8	10	0	296	0	3	4	74
-5	0	0.8	10	0	380	0	3	4	74
-5	0	0.8	10	1	296	0	5	5	59
-5	0	0.8	10	1	380	0	5	5	59
-5	0	0.8	21	0	296	0	1	1	78
-5	0	0.8	21	0	380	0	1	1	78
-5	0	0.8	21	1	296	0	2	2	65
-5	0	0.8	21	1	380	0	2	2	65
-5	0	0.8	30	0	296	0	3	3	76
-5	0	0.8	30	0	380	0	3	3	76
-5	0	0.8	30	1	296	0	2	2	60
-5	0	0.8	30	1	380	0	2	2	60
-5	0	0.8	41	0	296	0	1	1	76
-5	0	0.8	41	0	380	0	1	1	76
-5	0	0.8	41	1	296	0	1	2	68
-5	0	0.8	41	1	380	0	1	2	68
-5	0	0.9	0	0	296	0	3	3	77
-5	0	0.9	0	0	380	0	3	3	77
-5	0	0.9	0	1	296	0	0	0	60
-5	0	0.9	0	1	380	0	0	0	60
-5	0	0.9	10	0	296	0	5	6	74
-5	0	0.9	10	0	380	0	5	6	74
-5	0	0.9	10	1	296	0	0	0	60
-5	0	0.9	10	1	380	0	0	0	60
-5	0	0.9	21	0	296	0	1	1	75
-5	0	0.9	21	0	380	0	1	1	75
-5	0	0.9	21	1	296	0	0	0	64
-5	0	0.9	21	1	380	0	0	0	64
-5	0	0.9	30	0	296	0	3	3	77
-5	0	0.9	30	0	380	0	3	3	77
-5	0	0.9	30	1	296	0	0	0	64
-5	0	0.9	30	1	380	0	0	0	64
-5	0	0.9	41	0	296	0	3	3	73
-5	0	0.9	41	0	380	0	3	3	73
-5	0	0.9	41	1	296	0	1	1	59
-5	0	0.9	41	1	380	0	1	1	59
-5	1	0.0	0	0	296	0	1	1	41
-5	1	0.0	0	0	380	0	1	1	41
-5	1	0.0	0	1	296	0	1	1	34
-5	1	0.0	0	1	380	0	1	1	34
-5	1	0.0	10	0	296	0	1	1	42
-5	1	0.0	10	0	380	0	1	1	42
-5	1	0.0	10	1	296	0	2	2	36
-5	1	0.0	10	1	380	0	2	2	36
-5	1	0.0	21	0	296	0	1	1	42
-5	1	0.0	21	0	380	0	1	1	42
-5	1	0.0	21	1	296	0	2	3	33
-5	1	0.0	21	1	380	0	2	3	33
-5	1	0.0	30	0	296	0	1	1	42
-5	1	0.0	30	0	380	0	1	1	42
-5	1	0.0	30	1	296	0	1	1	33
-5	1	0.0	30	1	380	0	1	1	33
-5	1	0.0	41	0	296	0	1	1	42
-5	1	0.0	41	0	380	0	1	1	42
-5	1	0.0	41	1	296	0	2	2	33
-5	1	0.0	41	1	380	0	2	2	33
-5	1	0.1	0	0	296	0	2	2	43
-5	1	0.1	0	0	380	0	2	2	43
-5	1	0.1	0	1	296	0	2	2	35
-5	1	0.1	0	1	380	0	2	2	35
-5	1	0.1	10	0	296	0	1	1	41
-5	1	0.1	10	0	380	0	1	1	41
-5	1	0.1	10	1	296	0	1	1	36
-5	1	0.1	10	1	380	0	1	1	36
-5	1	0.1	21	0	296	0	1	1	42
-5	1	0.1	21	0	380	0	1	1	42
-5	1	0.1	21	1	296	0	1	1	36
-5	1	0.1	21	1	380	0	1	1	36
-5	1	0.1	30	0	296	0	2	2	42
-5	1	0.1	30	0	380	0	2	2	42
-5	1	0.1	30	1	296	0	2	3	36
-5	1	0.1	30	1	380	0	2	3	36
-5	1	0.1	41	0	296	0	3	3	42
-5	1	0.1	41	0	380	0	3	3	42
-5	1	0.1	41	1	296	0	1	1	36
-5	1	0.1	41	1	380	0	1	1	36
-5	1	0.2	0	0	296	0	2	2	41
-5	1	0.2	0	0	380	0	2	2	41
-5	1	0.2	0	1	296	0	1	1	36
-5	1	0.2	0	1	380	0	1	1	36
-5	1	0.2	10	0	296	0	1	1	42
-5	1	0.2	10	0	380	0	1	1	42
-5	1	0.2	10	1	296	0	2	3	37
-5	1	0.2	10	1	380	0	2	3	37
-5	1	0.2	21	0	296	0	2	2	43
-5	1	0.2	21	0	380	0	2	2	43
-5	1	0.2	21	1	296	0	3	3	37
-5	1	0.2	21	1	380	0	3	3	37
-5	1	0.2	30	0	296	0	2	2	43
-5	1	0.2	30	0	380	0	2	2	43
-5	1	0.2	30	1	296	0	4	4	35
-5	1	0.2	30	1	380	0	4	4	35
-5	1	0.2	41	0	296	0	3	3	42
-5	1	0.2	41	0	380	0	3	3	42
-5	1	0.2	41	1	296	0	2	2	35
-5	1	0.2	41	1	380	0	2	2	35
-5	1	0.3	0	0	296	0	2	2	41
-5	1	0.3	0	0	380	0	2	2	41
-5	1	0.3	0	1	296	0	2	2	37
-5	1	0.3	0	1	380	0	2	2	37
-5	1	0.3	10	0	296	0	4	4	41
-5	1	0.3	10	0	380	0	4	4	41
-5	1	0.3	10	1	296	0	3	3	38
-5	1	0.3	10	1	380	0	3	3	38
-5	1	0.3	21	0	296	0	2	2	42
-5	1	0.3	21	0	380	0	2	2	42
-5	1	0.3	21	1	296	0	1	1	35
-5	1	0.3	21	1	380	0	1	1	35
-5	1	0.3	30	0	296	0	2	2	42
-5	1	0.3	30	0	380	0	2	2	42
-5	1	0.3	30	1	296	0	1	1	36
-5	1	0.3	30	1	380	0	1	1	36
-5	1	0.3	41	0	296	0	2	2	40
-5	1	0.3	41	0	380	0	2	2	40
-5	1	0.3	41	1	296	0	2	2	36
-5	1	0.3	41	1	380	0	2	2	36
-5	1	0.4	0	0	296	0	2	2	42
-5	1	0.4	0	0	380	0	2	2	42
-5	1	0.4	0	1	296	0	4	5	37
-5	1	0.4	0	1	380	0	4	5	37
-5	1	0.4	10	0	296	0	2	2	43
-5	1	0.4	10	0	380	0	2	2	43
-5	1	0.4	10	1	296	0	1	1	37
-5	1	0.4	10	1	380	0	1	1	37
-5	1	0.4	21	0	296	0	1	1	42
-5	1	0.4	21	0	380	0	1	1	42
-5	1	0.4	21	1	296	0	1	1	38
-5	1	0.4	21	1	380	0	1	1	38
-5	1	0.4	30	0	296	0	2	2	40
-5	1	0.4	30	0	380	0	2	2	40
-5	1	0.4	30	1	296	0	1	1	36
-5	1	0.4	30	1	380	0	1	1	36
-5	1	0.4	41	0	296	0	2	2	42
-5	1	0.4	41	0	380	0	2	2	42
-5	1	0.4	41	1	296	0	2	2	35
-5	1	0.4	41	1	380	0	2	2	35
-5	1	0.5	0	0	296	0	3	3	42
-5	1	0.5	0	0	380	0	3	3	42
-5	1	0.5	0	1	296	0	3	3	36
-5	1	0.5	0	1	380	0	3	3	36
-5	1	0.5	10	0	296	0	2	2	43
-5	1	0.5	10	0	380	0	2	2	43
-5	1	0.5	10	1	296	0	1	1	37
-5	1	0.5	10	1	380	0	1	1	37
-5	1	0.5	21	0	296	0	5	5	42
-5	1	0.5	21	0	380	0	5	5	42
-5	1	0.5	21	1	296	0	5	8	37
-5	1	0.5	21	1	380	0	5	8	37
-5	1	0.5	30	0	296	0	1	1	43
-5	1	0.5	30	0	380	0	1	1	43
-5	1	0.5	30	1	296	0	2	2	36
-5	1	0.5	30	1	380	0	2	2	36
-5	1	0.5	41	0	296	0	2	2	43
-5	1	0.5	41	0	380	0	2	2	43
-5	1	0.5	41	1	296	0	1	1	36
-5	1	0.5	41	1	380	0	1	1	36
-5	1	0.6	0	0	296	0	2	2	42
-5	1	0.6	0	0	380	0	2	2	42
-5	1	0.6	0	1	296	0	3	3	37
-5	1	0.6	0	1	380	0	3	3	37
-5	1	0.6	10	0	296	0	3	3	43
-5	1	0.6	10	0	380	0	3	3	43
-5	1	0.6	10	1	296	0	3	4	37
-5	1	0.6	10	1	380	0	3	4	37
-5	1	0.6	21	0	296	0	1	1	41
-5	1	0.6	21	0	380	0	1	1	41
-5	1	0.6	21	1	296	0	2	4	37
-5	1	0.6	21	1	380	0	2	4	37
-5	1	0.6	30	0	296	0	1	1	43
-5	1	0.6	30	0	380	0	1	1	43
-5	1	0.6	30	1	296	0	1	1	37
-5	1	0.6	30	1	380	0	1	1	37
-5	1	0.6	41	0	296	0	2	2	42
-5	1	0.6	41	0	380	0	2	2	42
-5	1	0.6	41	1	296	0	3	3	37
-5	1	0.6	41	1	380	0	3	3	37
-5	1	0.7	0	0	296	0	1	1	44
-5	1	0.7	0	0	380	0	1	1	44
-5	1	0.7	0	1	296	0	1	1	37
-5	1	0.7	0	1	380	0	1	1	37
-5	1	0.7	10	0	296	0	1	1	44
-5	1	0.7	10	0	380	0	1	1	44
-5	1	0.7	10	1	296	0	2	2	37
-5	1	0.7	10	1	380	0	2	2	37
-5	1	0.7	21	0	296	0	4	4	42
-5	1	0.7	21	0	380	0	4	4	42
-5	1	0.7	21	1	296	0	2	2	37
-5	1	0.7	21	1	380	0	2	2	37
-5	1	0.7	30	0	296	0	3	3	44
-5	1	0.7	30	0	380	0	3	3	44
-5	1	0.7	30	1	296	0	4	6	37
-5	1	0.7	30	1	380	0	4	6	37
-5	1	0.7	41	0	296	0	1	1	43
-5	1	0.7	41	0	380	0	1	1	43
-5	1	0.7	41	1	296	0	3	4	36
-5	1	0.7	41	1	380	0	3	4	36
-5	1	0.8	0	0	296	0	2	2	42
-5	1	0.8	0	0	380	0	2	2	42
-5	1	0.8	0	1	296	0	1	3	36
-5	1	0.8	0	1	380	0	1	3	36
-5	1	0.8	10	0	296	0	1	1	43
-5	1	0.8	10	0	380	0	1	1	43
-5	1	0.8	10	1	296	0	2	2	37
-5	1	0.8	10	1	380	0	2	2	37
-5	1	0.8	21	0	296	0	2	2	43
-5	1	0.8	21	0	380	0	2	2	43
-5	1	0.8	21	1	296	0	2	4	36
-5	1	0.8	21	1	380	0	2	4	36
-5	1	0.8	30	0	296	0	1	1	42
-5	1	0.8	30	0	380	0	1	1	42
-5	1	0.8	30	1	296	0	1	1	38
-5	1	0.8	30	1	380	0	1	1	38
-5	1	0.8	41	0	296	0	1	1	42
-5	1	0.8	41	0	380	0	1	1	42
-5	1	0.8	41	1	296	0	2	3	38
-5	1	0.8	41	1	380	0	2	3	38
-5	1	0.9	0	0	296	0	2	2	42
-5	1	0.9	0	0	380	0	2	2	42
-5	1	0.9	0	1	296	0	3	5	35
-5	1	0.9	0	1	380	0	3	5	35
-5	1	0.9	10	0	296	0	2	2	42
-5	1	0.9	10	0	380	0	2	2	42
-5	1	0.9	10	1	296	0	2	3	37
-5	1	0.9	10	1	380	0	2	3	37
-5	1	0.9	21	0	296	0	2	2	43
-5	1	0.9	21	0	380	0	2	2	43
-5	1	0.9	21	1	296	0	1	1	36
-5	1	0.9	21	1	380	0	1	1	36
-5	1	0.9	30	0	296	0	1	1	40
-5	1	0.9	30	0	380	0	1	1	40
-5	1	0.9	30	1	296	0	1	1	37
-5	1	0.9	30	1	380	0	1	1	37
-5	1	0.9	41	0	296	0	1	1	42
-5	1	0.9	41	0	380	0	1	1	42
-5	1	0.9	41	1	296	0	3	4	37
-5	1	0.9	41	1	380	0	3	4	37
-4	0	0.0	0	0	296	0	0	0	70
-4	0	0.0	0	0	380	0	0	0	70
-4	0	0.0	0	1	296	0	1	1	58
-4	0	0.0	0	1	380	0	1	1	58
-4	0	0.0	10	0	296	0	2	2	73
-4	0	0.0	10	0	380	0	2	2	73
-4	0	0.0	10	1	296	0	1	1	58
-4	0	0.0	10	1	380	0	1	1	58
-4	0	0.0	21	0	296	0	1	1	72
-4	0	0.0	21	0	380	0	1	1	72
-4	0	0.0	21	1	296	0	0	0	58
-4	0	0.0	21	1	380	0	0	0	58
-4	0	0.0	30	0	296	0	1	1	69
-4	0	0.0	30	0	380	0	1	1	69
-4	0	0.0	30	1	296	0	0	0	58
-4	0	0.0	30	1	380	0	0	0	58
-4	0	0.0	41	0	296	0	1	1	71
-4	0	0.0	41	0	380	0	1	1	71
-4	0	0.0	41	1	296	0	0	0	58
-4	0	0.0	41	1	380	0	0	0	58
-4	0	0.1	0	0	296	0	3	3	72
-4	0	0.1	0	0	380	0	3	3	72
-4	0	0.1	0	1	296	0	0	0	58
-4	0	0.1	0	1	380	0	0	0	58
-4	0	0.1	10	0	296	0	3	4	69
-4	0	0.1	10	0	380	0	3	4	69
-4	0	0.1	10	1	296	0	1	1	57
-4	0	0.1	10	1	380	0	1	1	57
-4	0	0.1	21	0	296	0	2	2	71
-4	0	0.1	21	0	380	0	2	2	71
-4	0	0.1	21	1	296	0	1	1	58
-4	0	0.1	21	1	380	0	1	1	58
-4	0	0.1	30	0	296	0	1	1	72
-4	0	0.1	30	0	380	0	1	1	72
-4	0	0.1	30	1	296	0	0	0	58
-4	0	0.1	30	1	380	0	0	0	58
-4	0	0.1	41	0	296	0	0	0	72
-4	0	0.1	41	0	380	0	0	0	72
-4	0	0.1	41	1	296	0	1	1	58
-4	0	0.1	41	1	380	0	1	1	58
-4	0	0.2	0	0	296	0	1	1	72
-4	0	0.2	0	0	380	0	1	1	72
-4	0	0.2	0	1	296	0	1	1	57
-4	0	0.2	0	1	380	0	1	1	57
-4	0	0.2	10	0	296	0	3	4	70
-4	0	0.2	10	0	380	0	3	4	70
-4	0	0.2	10	1	296	0	2	2	59
-4	0	0.2	10	1	380	0	2	2	59
-4	0	0.2	21	0	296	0	5	6	72
-4	0	0.2	21	0	380	0	5	6	72
-4	0	0.2	21	1	296	0	1	1	57
-4	0	0.2	21	1	380	0	1	1	57
-4	0	0.2	30	0	296	0	1	4	71
-4	0	0.2	30	0	380	0	1	4	71
-4	0	0.2	30	1	296	0	1	1	59
-4	0	0.2	30	1	380	0	1	1	59
-4	0	0.2	41	0	296	0	1	1	71
-4	0	0.2	41	0	380	0	1	1	71
-4	0	0.2	41	1	296	0	1	1	60
-4	0	0.2	41	1	380	0	1	1	60
-4	0	0.3	0	0	296	0	2	2	71
-4	0	0.3	0	0	380	0	2	2	71
-4	0	0.3	0	1	296	0	2	4	56
-4	0	0.3	0	1	380	0	2	4	56
-4	0	0.3	10	0	296	0	4	4	73
-4	0	0.3	10	0	380	0	4	4	73
-4	0	0.3	10	1	296	0	2	2	57
-4	0	0.3	10	1	380	0	2	2	57
-4	0	0.3	21	0	296	0	2	2	72
-4	0	0.3	21	0	380	0	2	2	72
-4	0	0.3	21	1	296	0	6	6	55
-4	0	0.3	21	1	380	0	6	6	55
-4	0	0.3	30	0	296	0	1	2	73
-4	0	0.3	30	0	380	0	1	2	73
-4	0	0.3	30	1	296	0	2	2	58
-4	0	0.3	30	1	380	0	2	2	58
-4	0	0.3	41	0	296	0	4	5	74
-4	0	0.3	41	0	380	0	4	5	74
-4	0	0.3	41	1	296	0	4	4	57
-4	0	0.3	41	1	380	0	4	4	57
-4	0	0.4	0	0	296	0	4	8	69
-4	0	0.4	0	0	380	0	4	8	69
-4	0	0.4	0	1	296	0	0	0	58
-4	0	0.4	0	1	380	0	0	0	58
-4	0	0.4	10	0	296	0	0	0	74
-4	0	0.4	10	0	380	0	0	0	74
-4	0	0.4	10	1	296	0	3	3	58
-4	0	0.4	10	1	380	0	3	3	58
-4	0	0.4	21	0	296	0	1	4	73
-4	0	0.4	21	0	380	0	1	4	73
-4	0	0.4	21	1	296	0	1	1	58
-4	0	0.4	21	1	380	0	1	1	58
-4	0	0.4	30	0	296	0	1	1	69
-4	0	0.4	30	0	380	0	1	1	69
-4	0	0.4	30	1	296	0	1	1	57
-4	0	0.4	30	1	380	0	1	1	57
-4	0	0.4	41	0	296	0	1	1	74
-4	0	0.4	41	0	380	0	1	1	74
-4	0	0.4	41	1	296	0	3	3	57
-4	0	0.4	41	1	380	0	3	3	57
-4	0	0.5	0	0	296	0	3	4	72
-4	0	0.5	0	0	380	0	3	4	72
-4	0	0.5	0	1	296	0	1	1	59
-4	0	0.5	0	1	380	0	1	1	59
-4	0	0.5	10	0	296	0	1	1	70
-4	0	0.5	10	0	380	0	1	1	70
-4	0	0.5	10	1	296	0	0	0	56
-4	0	0.5	10	1	380	0	0	0	56
-4	0	0.5	21	0	296	0	2	3	72
-4	0	0.5	21	0	380	0	2	3	72
-4	0	0.5	21	1	296	0	1	1	58
-4	0	0.5	21	1	380	0	1	1	58
-4	0	0.5	30	0	296	0	1	1	72
-4	0	0.5	30	0	380	0	1	1	72
-4	0	0.5	30	1	296	0	0	0	58
-4	0	0.5	30	1	380	0	0	0	58
-4	0	0.5	41	0	296	0	1	1	72
-4	0	0.5	41	0	380	0	1	1	72
-4	0	0.5	41	1	296	0	0	0	58
-4	0	0.5	41	1	380	0	0	0	58
-4	0	0.6	0	0	296	0	2	5	71
-4	0	0.6	0	0	380	0	2	5	71
-4	0	0.6	0	1	296	0	0	0	60
-4	0	0.6	0	1	380	0	0	0	60
-4	0	0.6	10	0	296	0	4	4	70
-4	0	0.6	10	0	380	0	4	4	70
-4	0	0.6	10	1	296	0	3	3	56
-4	0	0.6	10	1	380	0	3	3	56
-4	0	0.6	21	0	296	0	3	3	70
-4	0	0.6	21	0	380	0	3	3	70
-4	0	0.6	21	1	296	0	1	1	55
-4	0	0.6	21	1	380	0	1	1	55
-4	0	0.6	30	0	296	0	3	3	68
-4	0	0.6	30	0	380	0	3	3	68
-4	0	0.6	30	1	296	0	2	2	57
-4	0	0.6	30	1	380	0	2	2	57
-4	0	0.6	41	0	296	0	3	7	70
-4	0	0.6	41	0	380	0	3	7	70
-4	0	0.6	41	1	296	0	0	0	58
-4	0	0.6	41	1	380	0	0	0	58
-4	0	0.7	0	0	296	0	1	1	73
-4	0	0.7	0	0	380	0	1	1	73
-4	0	0.7	0	1	296	0	2	2	58
-4	0	0.7	0	1	380	0	2	2	58
-4	0	0.7	10	0	296	0	1	1	74
-4	0	0.7	10	0	380	0	1	1	74
-4	0	0.7	10	1	296	0	2	2	57
-4	0	0.7	10	1	380	0	2	2	57
-4	0	0.7	21	0	296	0	2	2	71
-4	0	0.7	21	0	380	0	2	2	71
-4	0	0.7	21	1	296	0	2	2	59
-4	0	0.7	21	1	380	0	2	2	59
-4	0	0.7	30	0	296	0	1	1	75
-4	0	0.7	30	0	380	0	1	1	75
-4	0	0.7	30	1	296	0	1	1	57
-4	0	0.7	30	1	380	0	1	1	57
-4	0	0.7	41	0	296	0	3	4	71
-4	0	0.7	41	0	380	0	3	4	71
-4	0	0.7	41	1	296	0	1	1	59
-4	0	0.7	41	1	380	0	1	1	59
-4	0	0.8	0	0	296	0	0	0	72
-4	0	0.8	0	0	380	0	0	0	72
-4	0	0.8	0	1	296	0	2	2	57
-4	0	0.8	0	1	380	0	2	2	57
-4	0	0.8	10	0	296	0	5	5	69
-4	0	0.8	10	0	380	0	5	5	69
-4	0	0.8	10	1	296	0	1	1	57
-4	0	0.8	10	1	380	0	1	1	57
-4	0	0.8	21	0	296	0	1	3	75
-4	0	0.8	21	0	380	0	1	3	75
-4	0	0.8	21	1	296	0	2	2	58
-4	0	0.8	21	1	380	0	2	2	58
-4	0	0.8	30	0	296	0	3	4	72
-4	0	0.8	30	0	380	0	3	4	72
-4	0	0.8	30	1	296	0	0	0	58
-4	0	0.8	30	1	380	0	0	0	58
-4	0	0.8	41	0	296	0	1	1	73
-4	0	0.8	41	0	380	0	1	1	73
-4	0	0.8	41	1	296	0	1	1	57
-4	0	0.8	41	1	380	0	1	1	57
-4	0	0.9	0	0	296	0	1	1	72
-4	0	0.9	0	0	380	0	1	1	72
-4	0	0.9	0	1	296	0	0	0	58
-4	0	0.9	0	1	380	0	0	0	58
-4	0	0.9	10	0	296	0	3	6	68
-4	0	0.9	10	0	380	0	3	6	68
-4	0	0.9	10	1	296	0	0	0	58
-4	0	0.9	10	1	380	0	0	0	58
-4	0	0.9	21	0	296	0	3	4	71
-4	0	0.9	21	0	380	0	3	4	71
-4	0	0.9	21	1	296	0	2	2	59
-4	0	0.9	21	1	380	0	2	2	59
-4	0	0.9	30	0	296	0	2	4	73
-4	0	0.9	30	0	380	0	2	4	73
-4	0	0.9	30	1	296	0	0	0	58
-4	0	0.9	30	1	380	0	0	0	58
-4	0	0.9	41	0	296	0	2	7	71
-4	0	0.9	41	0	380	0	2	7	71
-4	0	0.9	41	1	296	0	2	2	57
-4	0	0.9	41	1	380	0	2	2	57
-4	1	0.0	0	0	296	0	1	1	39
-4	1	0.0	0	0	380	0	1	1	39
-4	1	0.0	0	1	296	0	2	2	31
-4	1	0.0	0	1	380	0	2	2	31
-4	1	0.0	10	0	296	0	1	1	40
-4	1	0.0	10	0	380	0	1	1	40
-4	1	0.0	10	1	296	0	1	1	33
-4	1	0.0	10	1	380	0	1	1	33
-4	1	0.0	21	0	296	0	1	1	37
-4	1	0.0	21	0	380	0	1	1	37
-4	1	0.0	21	1	296	0	1	1	31
-4	1	0.0	21	1	380	0	1	1	31
-4	1	0.0	30	0	296	0	1	1	41
-4	1	0.0	30	0	380	0	1	1	41
-4	1	0.0	30	1	296	0	1	1	30
-4	1	0.0	30	1	380	0	1	1	30
-4	1	0.0	41	0	296	0	1	1	38
-4	1	0.0	41	0	380	0	1	1	38
-4	1	0.0	41	1	296	0	1	1	32
-4	1	0.0	41	1	380	0	1	1	32
-4	1	0.1	0	0	296	0	1	1	40
-4	1	0.1	0	0	380	0	1	1	40
-4	1	0.1	0	1	296	0	2	2	32
-4	1	0.1	0	1	380	0	2	2	32
-4	1	0.1	10	0	296	0	1	1	39
-4	1	0.1	10	0	380	0	1	1	39
-4	1	0.1	10	1	296	0	1	1	32
-4	1	0.1	10	1	380	0	1	1	32
-4	1	0.1	21	0	296	0	2	2	39
-4	1	0.1	21	0	380	0	2	2	39
-4	1	0.1	21	1	296	0	2	2	32
-4	1	0.1	21	1	380	0	2	2	32
-4	1	0.1	30	0	296	0	1	1	40
-4	1	0.1	30	0	380	0	1	1	40
-4	1	0.1	30	1	296	0	3	3	33
-4	1	0.1	30	1	380	0	3	3	33
-4	1	0.1	41	0	296	0	2	2	40
-4	1	0.1	41	0	380	0	2	2	40
-4	1	0.1	41	1	296	0	4	4	33
-4	1	0.1	41	1	380	0	4	4	33
-4	1	0.2	0	0	296	0	1	1	40
-4	1	0.2	0	0	380	0	1	1	40
-4	1	0.2	0	1	296	0	0	0	32
-4	1	0.2	0	1	380	0	0	0	32
-4	1	0.2	10	0	296	0	2	2	39
-4	1	0.2	10	0	380	0	2	2	39
-4	1	0.2	10	1	296	0	1	2	31
-4	1	0.2	10	1	380	0	1	2	31
-4	1	0.2	21	0	296	0	2	2	40
-4	1	0.2	21	0	380	0	2	2	40
-4	1	0.2	21	1	296	0	0	0	31
-4	1	0.2	21	1	380	0	0	0	31
-4	1	0.2	30	0	296	0	2	2	40
-4	1	0.2	30	0	380	0	2	2	40
-4	1	0.2	30	1	296	0	1	2	31
-4	1	0.2	30	1	380	0	1	2	31
-4	1	0.2	41	0	296	0	2	2	39
-4	1	0.2	41	0	380	0	2	2	39
-4	1	0.2	41	1	296	0	1	1	32
-4	1	0.2	41	1	380	0	1	1	32
-4	1	0.3	0	0	296	0	2	2	39
-4	1	0.3	0	0	380	0	2	2	39
-4	1	0.3	0	1	296	0	1	1	31
-4	1	0.3	0	1	380	0	1	1	31
-4	1	0.3	10	0	296	0	2	2	40
-4	1	0.3	10	0	380	0	2	2	40
-4	1	0.3	10	1	296	0	1	1	32
-4	1	0.3	10	1	380	0	1	1	32
-4	1	0.3	21	0	296	0	1	1	38
-4	1	0.3	21	0	380	0	1	1	38
-4	1	0.3	21	1	296	0	3	4	32
-4	1	0.3	21	1	380	0	3	4	32
-4	1	0.3	30	0	296	0	2	2	40
-4	1	0.3	30	0	380	0	2	2	40
-4	1	0.3	30	1	296	0	4	4	32
-4	1	0.3	30	1	380	0	4	4	32
-4	1	0.3	41	0	296	0	2	2	38
-4	1	0.3	41	0	380	0	2	2	38
-4	1	0.3	41	1	296	0	2	2	30
-4	1	0.3	41	1	380	0	2	2	30
-4	1	0.4	0	0	296	0	1	1	41
-4	1	0.4	0	0	380	0	1	1	41
-4	1	0.4	0	1	296	0	2	2	29
-4	1	0.4	0	1	380	0	2	2	29
-4	1	0.4	10	0	296	0	1	1	40
-4	1	0.4	10	0	380	0	1	1	40
-4	1	0.4	10	1	296	0	2	2	32
-4	1	0.4	10	1	380	0	2	2	32
-4	1	0.4	21	0	296	0	0	0	39
-4	1	0.4	21	0	380	0	0	0	39
-4	1	0.4	21	1	296	0	2	3	32
-4	1	0.4	21	1	380	0	2	3	32
-4	1	0.4	30	0	296	0	2	2	38
-4	1	0.4	30	0	380	0	2	2	38
-4	1	0.4	30	1	296	0	2	2	31
-4	1	0.4	30	1	380	0	2	2	31
-4	1	0.4	41	0	296	0	1	1	38
-4	1	0.4	41	0	380	0	1	1	38
-4	1	0.4	41	1	296	0	1	1	31
-4	1	0.4	41	1	380	0	1	1	31
-4	1	0.5	0	0	296	0	1	1	42
-4	1	0.5	0	0	380	0	1	1	42
-4	1	0.5	0	1	296	0	2	2	32
-4	1	0.5	0	1	380	0	2	2	32
-4	1	0.5	10	0	296	0	2	2	40
-4	1	0.5	10	0	380	0	2	2	40
-4	1	0.5	10	1	296	0	1	1	33
-4	1	0.5	10	1	380	0	1	1	33
-4	1	0.5	21	0	296	0	1	1	40
-4	1	0.5	21	0	380	0	1	1	40
-4	1	0.5	21	1	296	0	2	2	33
-4	1	0.5	21	1	380	0	2	2	33
-4	1	0.5	30	0	296	0	1	1	40
-4	1	0.5	30	0	380	0	1	1	40
-4	1	0.5	30	1	296	0	3	3	31
-4	1	0.5	30	1	380	0	3	3	31
-4	1	0.5	41	0	296	0	1	1	40
-4	1	0.5	41	0	380	0	1	1	40
-4	1	0.5	41	1	296	0	2	2	32
-4	1	0.5	41	1	380	0	2	2	32
-4	1	0.6	0	0	296	0	2	2	41
-4	1	0.6	0	0	380	0	2	2	41
-4	1	0.6	0	1	296	0	2	2	30
-4	1	0.6	0	1	380	0	2	2	30
-4	1	0.6	10	0	296	0	2	2	40
-4	1	0.6	10	0	380	0	2	2	40
-4	1	0.6	10	1	296	0	2	2	31
-4	1	0.6	10	1	380	0	2	2	31
-4	1	0.6	21	0	296	0	1	1	40
-4	1	0.6	21	0	380	0	1	1	40
-4	1	0.6	21	1	296	0	2	2	30
-4	1	0.6	21	1	380	0	2	2	30
-4	1	0.6	30	0	296	0	0	0	40
-4	1	0.6	30	0	380	0	0	0	40
-4	1	0.6	30	1	296	0	4	4	32
-4	1	0.6	30	1	380	0	4	4	32
-4	1	0.6	41	0	296	0	1	1	40
-4	1	0.6	41	0	380	0	1	1	40
-4	1	0.6	41	1	296	0	3	4	32
-4	1	0.6	41	1	380	0	3	4	32
-4	1	0.7	0	0	296	0	3	3	41
-4	1	0.7	0	0	380	0	3	3	41
-4	1	0.7	0	1	296	0	0	0	33
-4	1	0.7	0	1	380	0	0	0	33
-4	1	0.7	10	0	296	0	1	1	40
-4	1	0.7	10	0	380	0	1	1	40
-4	1	0.7	10	1	296	0	1	1	33
-4	1	0.7	10	1	380	0	1	1	33
-4	1	0.7	21	0	296	0	1	1	42
-4	1	0.7	21	0	380	0	1	1	42
-4	1	0.7	21	1	296	0	2	3	32
-4	1	0.7	21	1	380	0	2	3	32
-4	1	0.7	30	0	296	0	1	1	41
-4	1	0.7	30	0	380	0	1	1	41
-4	1	0.7	30	1	296	0	0	0	34
-4	1	0.7	30	1	380	0	0	0	34
-4	1	0.7	41	0	296	0	1	1	43
-4	1	0.7	41	0	380	0	1	1	43
-4	1	0.7	41	1	296	0	1	3	34
-4	1	0.7	41	1	380	0	1	3	34
-4	1	0.8	0	0	296	0	2	2	39
-4	1	0.8	0	0	380	0	2	2	39
-4	1	0.8	0	1	296	0	1	1	35
-4	1	0.8	0	1	380	0	1	1	35
-4	1	0.8	10	0	296	0	1	1	40
-4	1	0.8	10	0	380	0	1	1	40
-4	1	0.8	10	1	296	0	5	6	32
-4	1	0.8	10	1	380	0	5	6	32
-4	1	0.8	21	0	296	0	0	0	41
-4	1	0.8	21	0	380	0	0	0	41
-4	1	0.8	21	1	296	0	2	5	35
-4	1	0.8	21	1	380	0	2	5	35
-4	1	0.8	30	0	296	0	1	1	39
-4	1	0.8	30	0	380	0	1	1	39
-4	1	0.8	30	1	296	0	2	3	35
-4	1	0.8	30	1	380	0	2	3	35
-4	1	0.8	41	0	296	0	1	1	40
-4	1	0.8	41	0	380	0	1	1	40
-4	1	0.8	41	1	296	0	1	1	35
-4	1	0.8	41	1	380	0	1	1	35
-4	1	0.9	0	0	296	0	1	1	41
-4	1	0.9	0	0	380	0	1	1	41
-4	1	0.9	0	1	296	0	2	3	31
-4	1	0.9	0	1	380	0	2	3	31
-4	1	0.9	10	0	296	0	2	2	41
-4	1	0.9	10	0	380	0	2	2	41
-4	1	0.9	10	1	296	0	1	1	32
-4	1	0.9	10	1	380	0	1	1	32
-4	1	0.9	21	0	296	0	1	1	41
-4	1	0.9	21	0	380	0	1	1	41
-4	1	0.9	21	1	296	0	1	1	33
-4	1	0.9	21	1	380	0	1	1	33
-4	1	0.9	30	0	296	0	0	0	40
-4	1	0.9	30	0	380	0	0	0	40
-4	1	0.9	30	1	296	0	1	1	33
-4	1	0.9	30	1	380	0	1	1	33
-4	1	0.9	41	0	296	0	0	0	40
-4	1	0.9	41	0	380	0	0	0	40
-4	1	0.9	41	1	296	0	1	1	32
-4	1	0.9	41	1	380	0	1	1	32
-3	0	0.0	0	0	296	0	0	0	64
-3	0	0.0	0	0	380	0	0	0	64
-3	0	0.0	0	1	296	0	0	0	58
-3	0	0.0	0	1	380	0	0	0	58
-3	0	0.0	10	0	296	0	1	2	62
-3	0	0.0	10	0	380	0	1	2	62
-3	0	0.0	10	1	296	0	2	2	55
-3	0	0.0	10	1	380	0	2	2	55
-3	0	0.0	21	0	296	0	1	1	64
-3	0	0.0	21	0	380	0	1	1	64
-3	0	0.0	21	1	296	0	0	0	58
-3	0	0.0	21	1	380	0	0	0	58
-3	0	0.0	30	0	296	0	0	0	64
-3	0	0.0	30	0	380	0	0	0	64
-3	0	0.0	30	1	296	0	0	0	58
-3	0	0.0	30	1	380	0	0	0	58
-3	0	0.0	41	0	296	0	1	1	67
-3	0	0.0	41	0	380	0	1	1	67
-3	0	0.0	41	1	296	0	3	3	57
-3	0	0.0	41	1	380	0	3	3	57
-3	0	0.1	0	0	296	0	2	2	67
-3	0	0.1	0	0	380	0	2	2	67
-3	0	0.1	0	1	296	0	3	3	57
-3	0	0.1	0	1	380	0	3	3	57
-3	0	0.1	10	0	296	0	1	2	61
-3	0	0.1	10	0	380	0	1	2	61
-3	0	0.1	10	1	296	0	0	0	58
-3	0	0.1	10	1	380	0	0	0	58
-3	0	0.1	21	0	296	0	0	0	64
-3	0	0.1	21	0	380	0	0	0	64
-3	0	0.1	21	1	296	0	2	2	57
-3	0	0.1	21	1	380	0	2	2	57
-3	0	0.1	30	0	296	0	2	4	65
-3	0	0.1	30	0	380	0	2	4	65
-3	0	0.1	30	1	296	0	1	1	57
-3	0	0.1	30	1	380	0	1	1	57
-3	0	0.1	41	0	296	0	1	1	65
-3	0	0.1	41	0	380	0	1	1	65
-3	0	0.1	41	1	296	0	4	4	57
-3	0	0.1	41	1	380	0	4	4	57
-3	0	0.2	0	0	296	0	1	2	62
-3	0	0.2	0	0	380	0	1	2	62
-3	0	0.2	0	1	296	0	0	0	58
-3	0	0.2	0	1	380	0	0	0	58
-3	0	0.2	10	0	296	0	1	2	62
-3	0	0.2	10	0	380	0	1	2	62
-3	0	0.2	10	1	296	0	2	2	56
-3	0	0.2	10	1	380	0	2	2	56
-3	0	0.2	21	0	296	0	0	0	64
-3	0	0.2	21	0	380	0	0	0	64
-3	0	0.2	21	1	296	0	3	5	57
-3	0	0.2	21	1	380	0	3	5	57
-3	0	0.2	30	0	296	0	3	4	59
-3	0	0.2	30	0	380	0	3	4	59
-3	0	0.2	30	1	296	0	3	3	56
-3	0	0.2	30	1	380	0	3	3	56
-3	0	0.2	41	0	296	0	4	8	62
-3	0	0.2	41	0	380	0	4	8	62
-3	0	0.2	41	1	296	0	0	0	58
-3	0	0.2	41	1	380	0	0	0	58
-3	0	0.3	0	0	296	0	1	1	62
-3	0	0.3	0	0	380	0	1	1	62
-3	0	0.3	0	1	296	0	2	2	55
-3	0	0.3	0	1	380	0	2	2	55
-3	0	0.3	10	0	296	0	1	1	67
-3	0	0.3	10	0	380	0	1	1	67
-3	0	0.3	10	1	296	0	2	2	57
-3	0	0.3	10	1	380	0	2	2	57
-3	0	0.3	21	0	296	0	1	1	61
-3	0	0.3	21	0	380	0	1	1	61
-3	0	0.3	21	1	296	0	2	2	54
-3	0	0.3	21	1	380	0	2	2	54
-3	0	0.3	30	0	296	0	2	2	65
-3	0	0.3	30	0	380	0	2	2	65
-3	0	0.3	30	1	296	0	0	0	58
-3	0	0.3	30	1	380	0	0	0	58
-3	0	0.3	41	0	296	0	4	4	63
-3	0	0.3	41	0	380	0	4	4	63
-3	0	0.3	41	1	296	0	3	3	56
-3	0	0.3	41	1	380	0	3	3	56
-3	0	0.4	0	0	296	0	3	3	66
-3	0	0.4	0	0	380	0	3	3	66
-3	0	0.4	0	1	296	0	1	2	58
-3	0	0.4	0	1	380	0	1	2	58
-3	0	0.4	10	0	296	0	0	0	66
-3	0	0.4	10	0	380	0	0	0	66
-3	0	0.4	10	1	296	0	2	2	57
-3	0	0.4	10	1	380	0	2	2	57
-3	0	0.4	21	0	296	0	3	3	65
-3	0	0.4	21	0	380	0	3	3	65
-3	0	0.4	21	1	296	0	1	1	57
-3	0	0.4	21	1	380	0	1	1	57
-3	0	0.4	30	0	296	0	3	3	62
-3	0	0.4	30	0	380	0	3	3	62
-3	0	0.4	30	1	296	0	2	6	54
-3	0	0.4	30	1	380	0	2	6	54
-3	0	0.4	41	0	296	0	3	4	61
-3	0	0.4	41	0	380	0	3	4	61
-3	0	0.4	41	1	296	0	1	1	57
-3	0	0.4	41	1	380	0	1	1	57
-3	0	0.5	0	0	296	0	4	4	64
-3	0	0.5	0	0	380	0	4	4	64
-3	0	0.5	0	1	296	0	1	1	58
-3	0	0.5	0	1	380	0	1	1	58
-3	0	0.5	10	0	296	0	2	2	64
-3	0	0.5	10	0	380	0	2	2	64
-3	0	0.5	10	1	296	0	3	3	56
-3	0	0.5	10	1	380	0	3	3	56
-3	0	0.5	21	0	296	0	1	1	66
-3	0	0.5	21	0	380	0	1	1	66
-3	0	0.5	21	1	296	0	1	1	58
-3	0	0.5	21	1	380	0	1	1	58
-3	0	0.5	30	0	296	0	0	0	64
-3	0	0.5	30	0	380	0	0	0	64
-3	0	0.5	30	1	296	0	1	1	56
-3	0	0.5	30	1	380	0	1	1	56
-3	0	0.5	41	0	296	0	4	5	61
-3	0	0.5	41	0	380	0	4	5	61
-3	0	0.5	41	1	296	0	0	0	58
-3	0	0.5	41	1	380	0	0	0	58
-3	0	0.6	0	0	296	0	3	3	65
-3	0	0.6	0	0	380	0	3	3	65
-3	0	0.6	0	1	296	0	0	0	58
-3	0	0.6	0	1	380	0	0	0	58
-3	0	0.6	10	0	296	0	3	4	63
-3	0	0.6	10	0	380	0	3	4	63
-3	0	0.6	10	1	296	0	3	3	56
-3	0	0.6	10	1	380	0	3	3	56
-3	0	0.6	21	0	296	0	1	1	64
-3	0	0.6	21	0	380	0	1	1	64
-3	0	0.6	21	1	296	0	1	1	57
-3	0	0.6	21	1	380	0	1	1	57
-3	0	0.6	30	0	296	0	4	4	65
-3	0	0.6	30	0	380	0	4	4	65
-3	0	0.6	30	1	296	0	0	0	58
-3	0	0.6	30	1	380	0	0	0	58
-3	0	0.6	41	0	296	0	2	2	63
-3	0	0.6	41	0	380	0	2	2	63
-3	0	0.6	41	1	296	0	1	1	57
-3	0	0.6	41	1	380	0	1	1	57
-3	0	0.7	0	0	296	0	3	3	66
-3	0	0.7	0	0	380	0	3	3	66
-3	0	0.7	0	1	296	0	1	1	58
-3	0	0.7	0	1	380	0	1	1	58
-3	0	0.7	10	0	296	0	6	6	63
-3	0	0.7	10	0	380	0	6	6	63
-3	0	0.7	10	1	296	0	1	1	57
-3	0	0.7	10	1	380	0	1	1	57
-3	0	0.7	21	0	296	0	2	2	68
-3	0	0.7	21	0	380	0	2	2	68
-3	0	0.7	21	1	296	0	1	1	57
-3	0	0.7	21	1	380	0	1	1	57
-3	0	0.7	30	0	296	0	0	0	66
-3	0	0.7	30	0	380	0	0	0	66
-3	0	0.7	30	1	296	0	0	0	58
-3	0	0.7	30	1	380	0	0	0	58
-3	0	0.7	41	0	296	0	1	3	67
-3	0	0.7	41	0	380	0	1	3	67
-3	0	0.7	41	1	296	0	1	1	57
-3	0	0.7	41	1	380	0	1	1	57
-3	0	0.8	0	0	296	0	4	6	65
-3	0	0.8	0	0	380	0	4	6	65
-3	0	0.8	0	1	296	0	1	1	58
-3	0	0.8	0	1	380	0	1	1	58
-3	0	0.8	10	0	296	0	1	1	60
-3	0	0.8	10	0	380	0	1	1	60
-3	0	0.8	10	1	296	0	2	2	56
-3	0	0.8	10	1	380	0	2	2	56
-3	0	0.8	21	0	296	0	1	3	62
-3	0	0.8	21	0	380	0	1	3	62
-3	0	0.8	21	1	296	0	2	2	58
-3	0	0.8	21	1	380	0	2	2	58
-3	0	0.8	30	0	296	0	2	2	61
-3	0	0.8	30	0	380	0	2	2	61
-3	0	0.8	30	1	296	0	1	1	58
-3	0	0.8	30	1	380	0	1	1	58
-3	0	0.8	41	0	296	0	2	2	61
-3	0	0.8	41	0	380	0	2	2	61
-3	0	0.8	41	1	296	0	2	2	57
-3	0	0.8	41	1	380	0	2	2	57
-3	0	0.9	0	0	296	0	1	1	62
-3	0	0.9	0	0	380	0	1	1	62
-3	0	0.9	0	1	296	0	2	2	58
-3	0	0.9	0	1	380	0	2	2	58
-3	0	0.9	10	0	296	0	1	1	63
-3	0	0.9	10	0	380	0	1	1	63
-3	0	0.9	10	1	296	0	1	1	57
-3	0	0.9	10	1	380	0	1	1	57
-3	0	0.9	21	0	296	0	4	6	60
-3	0	0.9	21	0	380	0	4	6	60
-3	0	0.9	21	1	296	0	1	2	58
-3	0	0.9	21	1	380	0	1	2	58
-3	0	0.9	30	0	296	0	1	3	60
-3	0	0.9	30	0	380	0	1	3	60
-3	0	0.9	30	1	296	0	0	0	58
-3	0	0.9	30	1	380	0	0	0	58
-3	0	0.9	41	0	296	0	1	4	64
-3	0	0.9	41	0	380	0	1	4	64
-3	0	0.9	41	1	296	0	1	1	57
-3	0	0.9	41	1	380	0	1	1	57
-3	1	0.0	0	0	296	0	1	1	37
-3	1	0.0	0	0	380	0	1	1	37
-3	1	0.0	0	1	296	0	1	1	29
-3	1	0.0	0	1	380	0	1	1	29
-3	1	0.0	10	0	296	0	2	2	37
-3	1	0.0	10	0	380	0	2	2	37
-3	1	0.0	10	1	296	0	1	1	29
-3	1	0.0	10	1	380	0	1	1	29
-3	1	0.0	21	0	296	0	2	2	37
-3	1	0.0	21	0	380	0	2	2	37
-3	1	0.0	21	1	296	0	1	1	29
-3	1	0.0	21	1	380	0	1	1	29
-3	1	0.0	30	0	296	0	1	1	36
-3	1	0.0	30	0	380	0	1	1	36
-3	1	0.0	30	1	296	0	1	1	29
-3	1	0.0	30	1	380	0	1	1	29
-3	1	0.0	41	0	296	0	2	2	36
-3	1	0.0	41	0	380	0	2	2	36
-3	1	0.0	41	1	296	0	1	1	29
-3	1	0.0	41	1	380	0	1	1	29
-3	1	0.1	0	0	296	0	1	1	36
-3	1	0.1	0	0	380	0	1	1	36
-3	1	0.1	0	1	296	0	1	1	29
-3	1	0.1	0	1	380	0	1	1	29
-3	1	0.1	10	0	296	0	1	1	37
-3	1	0.1	10	0	380	0	1	1	37
-3	1	0.1	10	1	296	0	2	2	29
-3	1	0.1	10	1	380	0	2	2	29
-3	1	0.1	21	0	296	0	3	4	37
-3	1	0.1	21	0	380	0	3	4	37
-3	1	0.1	21	1	296	0	1	1	29
-3	1	0.1	21	1	380	0	1	1	29
-3	1	0.1	30	0	296	0	1	1	38
-3	1	0.1	30	0	380	0	1	1	38
-3	1	0.1	30	1	296	0	1	1	29
-3	1	0.1	30	1	380	0	1	1	29
-3	1	0.1	41	0	296	0	3	3	37
-3	1	0.1	41	0	380	0	3	3	37
-3	1	0.1	41	1	296	0	1	1	29
-3	1	0.1	41	1	380	0	1	1	29
-3	1	0.2	0	0	296	0	1	1	37
-3	1	0.2	0	0	380	0	1	1	37
-3	1	0.2	0	1	296	0	1	1	30
-3	1	0.2	0	1	380	0	1	1	30
-3	1	0.2	10	0	296	0	1	1	36
-3	1	0.2	10	0	380	0	1	1	36
-3	1	0.2	10	1	296	0	2	2	30
-3	1	0.2	10	1	380	0	2	2	30
-3	1	0.2	21	0	296	0	2	2	36
-3	1	0.2	21	0	380	0	2	2	36
-3	1	0.2	21	1	296	0	1	1	29
-3	1	0.2	21	1	380	0	1	1	29
-3	1	0.2	30	0	296	0	2	3	36
-3	1	0.2	30	0	380	0	2	3	36
-3	1	0.2	30	1	296	0	2	2	30
-3	1	0.2	30	1	380	0	2	2	30
-3	1	0.2	41	0	296	0	1	1	36
-3	1	0.2	41	0	380	0	1	1	36
-3	1	0.2	41	1	296	0	1	1	29
-3	1	0.2	41	1	380	0	1	1	29
-3	1	0.3	0	0	296	0	1	1	37
-3	1	0.3	0	0	380	0	1	1	37
-3	1	0.3	0	1	296	0	2	2	29
-3	1	0.3	0	1	380	0	2	2	29
-3	1	0.3	10	0	296	0	2	2	36
-3	1	0.3	10	0	380	0	2	2	36
-3	1	0.3	10	1	296	0	1	1	29
-3	1	0.3	10	1	380	0	1	1	29
-3	1	0.3	21	0	296	0	1	1	37
-3	1	0.3	21	0	380	0	1	1	37
-3	1	0.3	21	1	296	0	3	3	29
-3	1	0.3	21	1	380	0	3	3	29
-3	1	0.3	30	0	296	0	2	2	38
-3	1	0.3	30	0	380	0	2	2	38
-3	1	0.3	30	1	296	0	2	2	29
-3	1	0.3	30	1	380	0	2	2	29
-3	1	0.3	41	0	296	0	2	2	38
-3	1	0.3	41	0	380	0	2	2	38
-3	1	0.3	41	1	296	0	2	2	29
-3	1	0.3	41	1	380	0	2	2	29
-3	1	0.4	0	0	296	0	1	1	37
-3	1	0.4	0	0	380	0	1	1	37
-3	1	0.4	0	1	296	0	1	1	29
-3	1	0.4	0	1	380	0	1	1	29
-3	1	0.4	10	0	296	0	2	2	35
-3	1	0.4	10	0	380	0	2	2	35
-3	1	0.4	10	1	296	0	1	1	29
-3	1	0.4	10	1	380	0	1	1	29
-3	1	0.4	21	0	296	0	2	2	37
-3	1	0.4	21	0	380	0	2	2	37
-3	1	0.4	21	1	296	0	2	3	30
-3	1	0.4	21	1	380	0	2	3	30
-3	1	0.4	30	0	296	0	1	1	37
-3	1	0.4	30	0	380	0	1	1	37
-3	1	0.4	30	1	296	0	1	1	29
-3	1	0.4	30	1	380	0	1	1	29
-3	1	0.4	41	0	296	0	2	2	37
-3	1	0.4	41	0	380	0	2	2	37
-3	1	0.4	41	1	296	0	2	2	29
-3	1	0.4	41	1	380	0	2	2	29
-3	1	0.5	0	0	296	0	3	3	37
-3	1	0.5	0	0	380	0	3	3	37
-3	1	0.5	0	1	296	0	2	2	29
-3	1	0.5	0	1	380	0	2	2	29
-3	1	0.5	10	0	296	0	2	2	36
-3	1	0.5	10	0	380	0	2	2	36
-3	1	0.5	10	1	296	0	1	1	28
-3	1	0.5	10	1	380	0	1	1	28
-3	1	0.5	21	0	296	0	3	3	38
-3	1	0.5	21	0	380	0	3	3	38
-3	1	0.5	21	1	296	0	1	1	29
-3	1	0.5	21	1	380	0	1	1	29
-3	1	0.5	30	0	296	0	1	1	37
-3	1	0.5	30	0	380	0	1	1	37
-3	1	0.5	30	1	296	0	1	1	29
-3	1	0.5	30	1	380	0	1	1	29
-3	1	0.5	41	0	296	0	1	1	38
-3	1	0.5	41	0	380	0	1	1	38
-3	1	0.5	41	1	296	0	1	1	29
-3	1	0.5	41	1	380	0	1	1	29
-3	1	0.6	0	0	296	0	1	1	38
-3	1	0.6	0	0	380	0	1	1	38
-3	1	0.6	0	1	296	0	1	1	29
-3	1	0.6	0	1	380	0	1	1	29
-3	1	0.6	10	0	296	0	2	2	35
-3	1	0.6	10	0	380	0	2	2	35
-3	1	0.6	10	1	296	0	1	1	29
-3	1	0.6	10	1	380	0	1	1	29
-3	1	0.6	21	0	296	0	1	1	37
-3	1	0.6	21	0	380	0	1	1	37
-3	1	0.6	21	1	296	0	1	1	28
-3	1	0.6	21	1	380	0	1	1	28
-3	1	0.6	30	0	296	0	1	1	37
-3	1	0.6	30	0	380	0	1	1	37
-3	1	0.6	30	1	296	0	1	1	29
-3	1	0.6	30	1	380	0	1	1	29
-3	1	0.6	41	0	296	0	1	1	36
-3	1	0.6	41	0	380	0	1	1	36
-3	1	0.6	41	1	296	0	1	1	29
-3	1	0.6	41	1	380	0	1	1	29
-3	1	0.7	0	0	296	0	1	1	37
-3	1	0.7	0	0	380	0	1	1	37
-3	1	0.7	0	1	296	0	2	2	30
-3	1	0.7	0	1	380	0	2	2	30
-3	1	0.7	10	0	296	0	1	1	38
-3	1	0.7	10	0	380	0	1	1	38
-3	1	0.7	10	1	296	0	2	2	30
-3	1	0.7	10	1	380	0	2	2	30
-3	1	0.7	21	0	296	0	1	1	38
-3	1	0.7	21	0	380	0	1	1	38
-3	1	0.7	21	1	296	0	2	2	29
-3	1	0.7	21	1	380	0	2	2	29
-3	1	0.7	30	0	296	0	1	1	41
-3	1	0.7	30	0	380	0	1	1	41
-3	1	0.7	30	1	296	0	1	1	30
-3	1	0.7	30	1	380	0	1	1	30
-3	1	0.7	41	0	296	0	1	1	41
-3	1	0.7	41	0	380	0	1	1	41
-3	1	0.7	41	1	296	0	2	2	30
-3	1	0.7	41	1	380	0	2	2	30
-3	1	0.8	0	0	296	0	2	2	37
-3	1	0.8	0	0	380	0	2	2	37
-3	1	0.8	0	1	296	0	1	1	29
-3	1	0.8	0	1	380	0	1	1	29
-3	1	0.8	10	0	296	0	1	1	37
-3	1	0.8	10	0	380	0	1	1	37
-3	1	0.8	10	1	296	0	2	2	29
-3	1	0.8	10	1	380	0	2	2	29
-3	1	0.8	21	0	296	0	1	1	38
-3	1	0.8	21	0	380	0	1	1	38
-3	1	0.8	21	1	296	0	2	2	29
-3	1	0.8	21	1	380	0	2	2	29
-3	1	0.8	30	0	296	0	2	2	38
-3	1	0.8	30	0	380	0	2	2	38
-3	1	0.8	30	1	296	0	1	1	29
-3	1	0.8	30	1	380	0	1	1	29
-3	1	0.8	41	0	296	0	5	5	37
-3	1	0.8	41	0	380	0	5	5	37
-3	1	0.8	41	1	296	0	3	3	29
-3	1	0.8	41	1	380	0	3	3	29
-3	1	0.9	0	0	296	0	2	2	35
-3	1	0.9	0	0	380	0	2	2	35
-3	1	0.9	0	1	296	0	1	1	29
-3	1	0.9	0	1	380	0	1	1	29
-3	1	0.9	10	0	296	0	2	2	37
-3	1	0.9	10	0	380	0	2	2	37
-3	1	0.9	10	1	296	0	1	1	29
-3	1	0.9	10	1	380	0	1	1	29
-3	1	0.9	21	0	296	0	2	2	36
-3	1	0.9	21	0	380	0	2	2	36
-3	1	0.9	21	1	296	0	1	1	30
-3	1	0.9	21	1	380	0	1	1	30
-3	1	0.9	30	0	296	0	1	1	37
-3	1	0.9	30	0	380	0	1	1	37
-3	1	0.9	30	1	296	0	1	1	29
-3	1	0.9	30	1	380	0	1	1	29
-3	1	0.9	41	0	296	0	2	2	37
-3	1	0.9	41	0	380	0	2	2	37
-3	1	0.9	41	1	296	0	3	3	29
-3	1	0.9	41	1	380	0	3	3	29
-2	0	0.0	0	0	296	0	1	1	58
-2	0	0.0	0	0	380	0	1	1	58
-2	0	0.0	0	1	296	0	2	2	58
-2	0	0.0	0	1	380	0	2	2	58
-2	0	0.0	10	0	296	0	4	4	58
-2	0	0.0	10	0	380	0	4	4	58
-2	0	0.0	10	1	296	0	4	7	54
-2	0	0.0	10	1	380	0	4	7	54
-2	0	0.0	21	0	296	0	1	1	59
-2	0	0.0	21	0	380	0	1	1	59
-2	0	0.0	21	1	296	0	1	2	57
-2	0	0.0	21	1	380	0	1	2	57
-2	0	0.0	30	0	296	0	1	2	56
-2	0	0.0	30	0	380	0	1	2	56
-2	0	0.0	30	1	296	0	2	2	57
-2	0	0.0	30	1	380	0	2	2	57
-2	0	0.0	41	0	296	0	0	0	58
-2	0	0.0	41	0	380	0	0	0	58
-2	0	0.0	41	1	296	0	3	3	57
-2	0	0.0	41	1	380	0	3	3	57
-2	0	0.1	0	0	296	0	2	2	58
-2	0	0.1	0	0	380	0	2	2	58
-2	0	0.1	0	1	296	0	1	1	56
-2	0	0.1	0	1	380	0	1	1	56
-2	0	0.1	10	0	296	0	2	2	57
-2	0	0.1	10	0	380	0	2	2	57
-2	0	0.1	10	1	296	0	1	4	55
-2	0	0.1	10	1	380	0	1	4	55
-2	0	0.1	21	0	296	0	0	0	60
-2	0	0.1	21	0	380	0	0	0	60
-2	0	0.1	21	1	296	0	1	12	50
-2	0	0.1	21	1	380	0	1	12	50
-2	0	0.1	30	0	296	0	2	2	58
-2	0	0.1	30	0	380	0	2	2	58
-2	0	0.1	30	1	296	0	1	6	52
-2	0	0.1	30	1	380	0	1	6	52
-2	0	0.1	41	0	296	0	0	0	58
-2	0	0.1	41	0	380	0	0	0	58
-2	0	0.1	41	1	296	0	2	2	58
-2	0	0.1	41	1	380	0	2	2	58
-2	0	0.2	0	0	296	0	3	5	56
-2	0	0.2	0	0	380	0	3	5	56
-2	0	0.2	0	1	296	0	2	8	54
-2	0	0.2	0	1	380	0	2	8	54
-2	0	0.2	10	0	296	0	2	2	57
-2	0	0.2	10	0	380	0	2	2	57
-2	0	0.2	10	1	296	0	1	1	57
-2	0	0.2	10	1	380	0	1	1	57
-2	0	0.2	21	0	296	0	3	3	59
-2	0	0.2	21	0	380	0	3	3	59
-2	0	0.2	21	1	296	0	0	0	58
-2	0	0.2	21	1	380	0	0	0	58
-2	0	0.2	30	0	296	0	3	3	56
-2	0	0.2	30	0	380	0	3	3	56
-2	0	0.2	30	1	296	0	2	6	53
-2	0	0.2	30	1	380	0	2	6	53
-2	0	0.2	41	0	296	0	2	2	58
-2	0	0.2	41	0	380	0	2	2	58
-2	0	0.2	41	1	296	0	1	1	57
-2	0	0.2	41	1	380	0	1	1	57
-2	0	0.3	0	0	296	0	1	1	58
-2	0	0.3	0	0	380	0	1	1	58
-2	0	0.3	0	1	296	0	3	5	54
-2	0	0.3	0	1	380	0	3	5	54
-2	0	0.3	10	0	296	0	1	1	58
-2	0	0.3	10	0	380	0	1	1	58
-2	0	0.3	10	1	296	0	1	3	54
-2	0	0.3	10	1	380	0	1	3	54
-2	0	0.3	21	0	296	0	0	0	62
-2	0	0.3	21	0	380	0	0	0	62
-2	0	0.3	21	1	296	0	4	4	56
-2	0	0.3	21	1	380	0	4	4	56
-2	0	0.3	30	0	296	0	4	4	59
-2	0	0.3	30	0	380	0	4	4	59
-2	0	0.3	30	1	296	0	1	2	54
-2	0	0.3	30	1	380	0	1	2	54
-2	0	0.3	41	0	296	0	5	6	58
-2	0	0.3	41	0	380	0	5	6	58
-2	0	0.3	41	1	296	0	3	4	53
-2	0	0.3	41	1	380	0	3	4	53
-2	0	0.4	0	0	296	0	0	0	60
-2	0	0.4	0	0	380	0	0	0	60
-2	0	0.4	0	1	296	0	2	2	57
-2	0	0.4	0	1	380	0	2	2	57
-2	0	0.4	10	0	296	0	1	1	57
-2	0	0.4	10	0	380	0	1	1	57
-2	0	0.4	10	1	296	0	2	3	53
-2	0	0.4	10	1	380	0	2	3	53
-2	0	0.4	21	0	296	0	1	1	59
-2	0	0.4	21	0	380	0	1	1	59
-2	0	0.4	21	1	296	0	1	1	56
-2	0	0.4	21	1	380	0	1	1	56
-2	0	0.4	30	0	296	0	1	1	58
-2	0	0.4	30	0	380	0	1	1	58
-2	0	0.4	30	1	296	0	2	2	57
-2	0	0.4	30	1	380	0	2	2	57
-2	0	0.4	41	0	296	0	1	1	58
-2	0	0.4	41	0	380	0	1	1	58
-2	0	0.4	41	1	296	0	0	0	58
-2	0	0.4	41	1	380	0	0	0	58
-2	0	0.5	0	0	296	0	2	2	58
-2	0	0.5	0	0	380	0	2	2	58
-2	0	0.5	0	1	296	0	1	1	58
-2	0	0.5	0	1	380	0	1	1	58
-2	0	0.5	10	0	296	0	1	1	58
-2	0	0.5	10	0	380	0	1	1	58
-2	0	0.5	10	1	296	0	4	4	53
-2	0	0.5	10	1	380	0	4	4	53
-2	0	0.5	21	0	296	0	6	6	57
-2	0	0.5	21	0	380	0	6	6	57
-2	0	0.5	21	1	296	0	1	1	57
-2	0	0.5	21	1	380	0	1	1	57
-2	0	0.5	30	0	296	0	0	0	60
-2	0	0.5	30	0	380	0	0	0	60
-2	0	0.5	30	1	296	0	1	1	58
-2	0	0.5	30	1	380	0	1	1	58
-2	0	0.5	41	0	296	0	1	1	57
-2	0	0.5	41	0	380	0	1	1	57
-2	0	0.5	41	1	296	0	1	1	58
-2	0	0.5	41	1	380	0	1	1	58
-2	0	0.6	0	0	296	0	1	1	60
-2	0	0.6	0	0	380	0	1	1	60
-2	0	0.6	0	1	296	0	4	5	56
-2	0	0.6	0	1	380	0	4	5	56
-2	0	0.6	10	0	296	0	2	2	57
-2	0	0.6	10	0	380	0	2	2	57
-2	0	0.6	10	1	296	0	1	1	57
-2	0	0.6	10	1	380	0	1	1	57
-2	0	0.6	21	0	296	0	4	4	59
-2	0	0.6	21	0	380	0	4	4	59
-2	0	0.6	21	1	296	0	2	2	57
-2	0	0.6	21	1	380	0	2	2	57
-2	0	0.6	30	0	296	0	2	2	58
-2	0	0.6	30	0	380	0	2	2	58
-2	0	0.6	30	1	296	0	2	2	57
-2	0	0.6	30	1	380	0	2	2	57
-2	0	0.6	41	0	296	0	0	0	60
-2	0	0.6	41	0	380	0	0	0	60
-2	0	0.6	41	1	296	0	2	3	56
-2	0	0.6	41	1	380	0	2	3	56
-2	0	0.7	0	0	296	0	0	0	58
-2	0	0.7	0	0	380	0	0	0	58
-2	0	0.7	0	1	296	0	1	7	52
-2	0	0.7	0	1	380	0	1	7	52
-2	0	0.7	10	0	296	0	2	2	58
-2	0	0.7	10	0	380	0	2	2	58
-2	0	0.7	10	1	296	0	1	7	52
-2	0	0.7	10	1	380	0	1	7	52
-2	0	0.7	21	0	296	0	0	0	58
-2	0	0.7	21	0	380	0	0	0	58
-2	0	0.7	21	1	296	0	2	10	52
-2	0	0.7	21	1	380	0	2	10	52
-2	0	0.7	30	0	296	0	0	0	58
-2	0	0.7	30	0	380	0	0	0	58
-2	0	0.7	30	1	296	0	2	3	56
-2	0	0.7	30	1	380	0	2	3	56
-2	0	0.7	41	0	296	0	0	0	58
-2	0	0.7	41	0	380	0	0	0	58
-2	0	0.7	41	1	296	0	2	8	52
-2	0	0.7	41	1	380	0	2	8	52
-2	0	0.8	0	0	296	0	2	2	56
-2	0	0.8	0	0	380	0	2	2	56
-2	0	0.8	0	1	296	0	0	0	58
-2	0	0.8	0	1	380	0	0	0	58
-2	0	0.8	10	0	296	0	1	1	57
-2	0	0.8	10	0	380	0	1	1	57
-2	0	0.8	10	1	296	0	1	5	56
-2	0	0.8	10	1	380	0	1	5	56
-2	0	0.8	21	0	296	0	4	4	59
-2	0	0.8	21	0	380	0	4	4	59
-2	0	0.8	21	1	296	0	2	7	54
-2	0	0.8	21	1	380	0	2	7	54
-2	0	0.8	30	0	296	0	1	1	60
-2	0	0.8	30	0	380	0	1	1	60
-2	0	0.8	30	1	296	0	2	6	55
-2	0	0.8	30	1	380	0	2	6	55
-2	0	0.8	41	0	296	0	1	1	59
-2	0	0.8	41	0	380	0	1	1	59
-2	0	0.8	41	1	296	0	1	4	54
-2	0	0.8	41	1	380	0	1	4	54
-2	0	0.9	0	0	296	0	4	5	57
-2	0	0.9	0	0	380	0	4	5	57
-2	0	0.9	0	1	296	0	4	6	54
-2	0	0.9	0	1	380	0	4	6	54
-2	0	0.9	10	0	296	0	2	2	56
-2	0	0.9	10	0	380	0	2	2	56
-2	0	0.9	10	1	296	0	1	8	54
-2	0	0.9	10	1	380	0	1	8	54
-2	0	0.9	21	0	296	0	1	1	60
-2	0	0.9	21	0	380	0	1	1	60
-2	0	0.9	21	1	296	0	1	4	56
-2	0	0.9	21	1	380	0	1	4	56
-2	0	0.9	30	0	296	0	3	3	57
-2	0	0.9	30	0	380	0	3	3	57
-2	0	0.9	30	1	296	0	1	3	57
-2	0	0.9	30	1	380	0	1	3	57
-2	0	0.9	41	0	296	0	3	3	56
-2	0	0.9	41	0	380	0	3	3	56
-2	0	0.9	41	1	296	0	2	10	50
-2	0	0.9	41	1	380	0	2	10	50
-2	1	0.0	0	0	296	0	2	2	33
-2	1	0.0	0	0	380	0	2	2	33
-2	1	0.0	0	1	296	0	1	1	29
-2	1	0.0	0	1	380	0	1	1	29
-2	1	0.0	10	0	296	0	1	1	31
-2	1	0.0	10	0	380	0	1	1	31
-2	1	0.0	10	1	296	0	2	2	28
-2	1	0.0	10	1	380	0	2	2	28
-2	1	0.0	21	0	296	0	1	1	32
-2	1	0.0	21	0	380	0	1	1	32
-2	1	0.0	21	1	296	0	1	1	29
-2	1	0.0	21	1	380	0	1	1	29
-2	1	0.0	30	0	296	0	1	1	31
-2	1	0.0	30	0	380	0	1	1	31
-2	1	0.0	30	1	296	0	1	1	29
-2	1	0.0	30	1	380	0	1	1	29
-2	1	0.0	41	0	296	0	2	2	31
-2	1	0.0	41	0	380	0	2	2	31
-2	1	0.0	41	1	296	0	2	2	29
-2	1	0.0	41	1	380	0	2	2	29
-2	1	0.1	0	0	296	0	0	0	31
-2	1	0.1	0	0	380	0	0	0	31
-2	1	0.1	0	1	296	0	3	3	29
-2	1	0.1	0	1	380	0	3	3	29
-2	1	0.1	10	0	296	0	0	0	32
-2	1	0.1	10	0	380	0	0	0	32
-2	1	0.1	10	1	296	0	1	1	29
-2	1	0.1	10	1	380	0	1	1	29
-2	1	0.1	21	0	296	0	1	1	31
-2	1	0.1	21	0	380	0	1	1	31
-2	1	0.1	21	1	296	0	2	2	29
-2	1	0.1	21	1	380	0	2	2	29
-2	1	0.1	30	0	296	0	2	2	30
-2	1	0.1	30	0	380	0	2	2	30
-2	1	0.1	30	1	296	0	1	1	29
-2	1	0.1	30	1	380	0	1	1	29
-2	1	0.1	41	0	296	0	1	1	33
-2	1	0.1	41	0	380	0	1	1	33
-2	1	0.1	41	1	296	0	1	1	29
-2	1	0.1	41	1	380	0	1	1	29
-2	1	0.2	0	0	296	0	1	1	33
-2	1	0.2	0	0	380	0	1	1	33
-2	1	0.2	0	1	296	0	2	2	29
-2	1	0.2	0	1	380	0	2	2	29
-2	1	0.2	10	0	296	0	1	1	32
-2	1	0.2	10	0	380	0	1	1	32
-2	1	0.2	10	1	296	0	2	2	29
-2	1	0.2	10	1	380	0	2	2	29
-2	1	0.2	21	0	296	0	1	1	33
-2	1	0.2	21	0	380	0	1	1	33
-2	1	0.2	21	1	296	0	0	0	29
-2	1	0.2	21	1	380	0	0	0	29
-2	1	0.2	30	0	296	0	1	1	33
-2	1	0.2	30	0	380	0	1	1	33
-2	1	0.2	30	1	296	0	1	1	29
-2	1	0.2	30	1	380	0	1	1	29
-2	1	0.2	41	0	296	0	2	2	31
-2	1	0.2	41	0	380	0	2	2	31
-2	1	0.2	41	1	296	0	1	1	29
-2	1	0.2	41	1	380	0	1	1	29
-2	1	0.3	0	0	296	0	2	2	33
-2	1	0.3	0	0	380	0	2	2	33
-2	1	0.3	0	1	296	0	3	3	28
-2	1	0.3	0	1	380	0	3	3	28
-2	1	0.3	10	0	296	0	1	1	30
-2	1	0.3	10	0	380	0	1	1	30
-2	1	0.3	10	1	296	0	2	2	29
-2	1	0.3	10	1	380	0	2	2	29
-2	1	0.3	21	0	296	0	1	1	32
-2	1	0.3	21	0	380	0	1	1	32
-2	1	0.3	21	1	296	0	1	1	29
-2	1	0.3	21	1	380	0	1	1	29
-2	1	0.3	30	0	296	0	1	1	32
-2	1	0.3	30	0	380	0	1	1	32
-2	1	0.3	30	1	296	0	2	2	29
-2	1	0.3	30	1	380	0	2	2	29
-2	1	0.3	41	0	296	0	1	1	31
-2	1	0.3	41	0	380	0	1	1	31
-2	1	0.3	41	1	296	0	2	2	29
-2	1	0.3	41	1	380	0	2	2	29
-2	1	0.4	0	0	296	0	2	2	34
-2	1	0.4	0	0	380	0	2	2	34
-2	1	0.4	0	1	296	0	2	2	29
-2	1	0.4	0	1	380	0	2	2	29
-2	1	0.4	10	0	296	0	2	2	31
-2	1	0.4	10	0	380	0	2	2	31
-2	1	0.4	10	1	296	0	2	2	29
-2	1	0.4	10	1	380	0	2	2	29
-2	1	0.4	21	0	296	0	1	1	31
-2	1	0.4	21	0	380	0	1	1	31
-2	1	0.4	21	1	296	0	1	1	29
-2	1	0.4	21	1	380	0	1	1	29
-2	1	0.4	30	0	296	0	3	3	32
-2	1	0.4	30	0	380	0	3	3	32
-2	1	0.4	30	1	296	0	2	2	28
-2	1	0.4	30	1	380	0	2	2	28
-2	1	0.4	41	0	296	0	0	0	33
-2	1	0.4	41	0	380	0	0	0	33
-2	1	0.4	41	1	296	0	3	3	29
-2	1	0.4	41	1	380	0	3	3	29
-2	1	0.5	0	0	296	0	1	1	32
-2	1	0.5	0	0	380	0	1	1	32
-2	1	0.5	0	1	296	0	1	1	29
-2	1	0.5	0	1	380	0	1	1	29
-2	1	0.5	10	0	296	0	1	1	31
-2	1	0.5	10	0	380	0	1	1	31
-2	1	0.5	10	1	296	0	2	2	29
-2	1	0.5	10	1	380	0	2	2	29
-2	1	0.5	21	0	296	0	1	1	31
-2	1	0.5	21	0	380	0	1	1	31
-2	1	0.5	21	1	296	0	2	2	29
-2	1	0.5	21	1	380	0	2	2	29
-2	1	0.5	30	0	296	0	1	1	31
-2	1	0.5	30	0	380	0	1	1	31
-2	1	0.5	30	1	296	0	2	2	28
-2	1	0.5	30	1	380	0	2	2	28
-2	1	0.5	41	0	296	0	1	1	31
-2	1	0.5	41	0	380	0	1	1	31
-2	1	0.5	41	1	296	0	1	1	29
-2	1	0.5	41	1	380	0	1	1	29
-2	1	0.6	0	0	296	0	1	1	32
-2	1	0.6	0	0	380	0	1	1	32
-2	1	0.6	0	1	296	0	1	1	29
-2	1	0.6	0	1	380	0	1	1	29
-2	1	0.6	10	0	296	0	3	3	32
-2	1	0.6	10	0	380	0	3	3	32
-2	1	0.6	10	1	296	0	2	2	29
-2	1	0.6	10	1	380	0	2	2	29
-2	1	0.6	21	0	296	0	2	2	33
-2	1	0.6	21	0	380	0	2	2	33
-2	1	0.6	21	1	296	0	1	1	29
-2	1	0.6	21	1	380	0	1	1	29
-2	1	0.6	30	0	296	0	1	2	32
-2	1	0.6	30	0	380	0	1	2	32
-2	1	0.6	30	1	296	0	1	1	29
-2	1	0.6	30	1	380	0	1	1	29
-2	1	0.6	41	0	296	0	5	5	32
-2	1	0.6	41	0	380	0	5	5	32
-2	1	0.6	41	1	296	0	1	1	29
-2	1	0.6	41	1	380	0	1	1	29
-2	1	0.7	0	0	296	0	2	3	33
-2	1	0.7	0	0	380	0	2	3	33
-2	1	0.7	0	1	296	0	0	0	29
-2	1	0.7	0	1	380	0	0	0	29
-2	1	0.7	10	0	296	0	3	3	33
-2	1	0.7	10	0	380	0	3	3	33
-2	1	0.7	10	1	296	0	0	0	29
-2	1	0.7	10	1	380	0	0	0	29
-2	1	0.7	21	0	296	0	3	3	33
-2	1	0.7	21	0	380	0	3	3	33
-2	1	0.7	21	1	296	0	2	2	29
-2	1	0.7	21	1	380	0	2	2	29
-2	1	0.7	30	0	296	0	1	1	34
-2	1	0.7	30	0	380	0	1	1	34
-2	1	0.7	30	1	296	0	0	0	29
-2	1	0.7	30	1	380	0	0	0	29
-2	1	0.7	41	0	296	0	1	1	34
-2	1	0.7	41	0	380	0	1	1	34
-2	1	0.7	41	1	296	0	1	1	29
-2	1	0.7	41	1	380	0	1	1	29
-2	1	0.8	0	0	296	0	2	2	32
-2	1	0.8	0	0	380	0	2	2	32
-2	1	0.8	0	1	296	0	2	2	29
-2	1	0.8	0	1	380	0	2	2	29
-2	1	0.8	10	0	296	0	1	1	31
-2	1	0.8	10	0	380	0	1	1	31
-2	1	0.8	10	1	296	0	1	1	29
-2	1	0.8	10	1	380	0	1	1	29
-2	1	0.8	21	0	296	0	0	0	31
-2	1	0.8	21	0	380	0	0	0	31
-2	1	0.8	21	1	296	0	2	2	29
-2	1	0.8	21	1	380	0	2	2	29
-2	1	0.8	30	0	296	0	3	3	33
-2	1	0.8	30	0	380	0	3	3	33
-2	1	0.8	30	1	296	0	1	1	29
-2	1	0.8	30	1	380	0	1	1	29
-2	1	0.8	41	0	296	0	2	2	31
-2	1	0.8	41	0	380	0	2	2	31
-2	1	0.8	41	1	296	0	1	1	29
-2	1	0.8	41	1	380	0	1	1	29
-2	1	0.9	0	0	296	0	3	3	32
-2	1	0.9	0	0	380	0	3	3	32
-2	1	0.9	0	1	296	0	2	2	29
-2	1	0.9	0	1	380	0	2	2	29
-2	1	0.9	10	0	296	0	1	1	32
-2	1	0.9	10	0	380	0	1	1	32
-2	1	0.9	10	1	296	0	1	1	29
-2	1	0.9	10	1	380	0	1	1	29
-2	1	0.9	21	0	296	0	1	1	31
-2	1	0.9	21	0	380	0	1	1	31
-2	1	0.9	21	1	296	0	1	1	29
-2	1	0.9	21	1	380	0	1	1	29
-2	1	0.9	30	0	296	0	0	0	31
-2	1	0.9	30	0	380	0	0	0	31
-2	1	0.9	30	1	296	0	1	1	29
-2	1	0.9	30	1	380	0	1	1	29
-2	1	0.9	41	0	296	0	1	1	31
-2	1	0.9	41	0	380	0	1	1	31
-2	1	0.9	41	1	296	0	1	1	29
-2	1	0.9	41	1	380	0	1	1	29
-1	0	0.0	0	0	296	0	2	2	58
-1	0	0.0	0	0	380	0	2	2	58
-1	0	0.0	0	1	296	0	1	3	55
-1	0	0.0	0	1	380	0	1	3	55
-1	0	0.0	10	0	296	0	0	0	58
-1	0	0.0	10	0	380	0	0	0	58
-1	0	0.0	10	1	296	0	1	1	56
-1	0	0.0	10	1	380	0	1	1	56
-1	0	0.0	21	0	296	0	1	1	57
-1	0	0.0	21	0	380	0	1	1	57
-1	0	0.0	21	1	296	0	3	6	55
-1	0	0.0	21	1	380	0	3	6	55
-1	0	0.0	30	0	296	0	3	4	55
-1	0	0.0	30	0	380	0	3	4	55
-1	0	0.0	30	1	296	0	1	1	56
-1	0	0.0	30	1	380	0	1	1	56
-1	0	0.0	41	0	296	0	0	0	58
-1	0	0.0	41	0	380	0	0	0	58
-1	0	0.0	41	1	296	0	3	7	53
-1	0	0.0	41	1	380	0	3	7	53
-1	0	0.1	0	0	296	0	1	1	58
-1	0	0.1	0	0	380	0	1	1	58
-1	0	0.1	0	1	296	0	1	9	55
-1	0	0.1	0	1	380	0	1	9	55
-1	0	0.1	10	0	296	0	2	2	56
-1	0	0.1	10	0	380	0	2	2	56
-1	0	0.1	10	1	296	0	2	2	54
-1	0	0.1	10	1	380	0	2	2	54
-1	0	0.1	21	0	296	0	2	3	56
-1	0	0.1	21	0	380	0	2	3	56
-1	0	0.1	21	1	296	0	2	7	54
-1	0	0.1	21	1	380	0	2	7	54
-1	0	0.1	30	0	296	0	0	0	58
-1	0	0.1	30	0	380	0	0	0	58
-1	0	0.1	30	1	296	0	1	2	55
-1	0	0.1	30	1	380	0	1	2	55
-1	0	0.1	41	0	296	0	2	5	55
-1	0	0.1	41	0	380	0	2	5	55
-1	0	0.1	41	1	296	0	2	2	56
-1	0	0.1	41	1	380	0	2	2	56
-1	0	0.2	0	0	296	0	1	2	57
-1	0	0.2	0	0	380	0	1	2	57
-1	0	0.2	0	1	296	0	2	7	55
-1	0	0.2	0	1	380	0	2	7	55
-1	0	0.2	10	0	296	0	2	6	57
-1	0	0.2	10	0	380	0	2	6	57
-1	0	0.2	10	1	296	0	1	2	54
-1	0	0.2	10	1	380	0	1	2	54
-1	0	0.2	21	0	296	0	1	1	58
-1	0	0.2	21	0	380	0	1	1	58
-1	0	0.2	21	1	296	0	2	4	55
-1	0	0.2	21	1	380	0	2	4	55
-1	0	0.2	30	0	296	0	1	1	57
-1	0	0.2	30	0	380	0	1	1	57
-1	0	0.2	30	1	296	0	2	6	53
-1	0	0.2	30	1	380	0	2	6	53
-1	0	0.2	41	0	296	0	1	2	56
-1	0	0.2	41	0	380	0	1	2	56
-1	0	0.2	41	1	296	0	2	3	55
-1	0	0.2	41	1	380	0	2	3	55
-1	0	0.3	0	0	296	0	2	3	56
-1	0	0.3	0	0	380	0	2	3	56
-1	0	0.3	0	1	296	0	2	2	54
-1	0	0.3	0	1	380	0	2	2	54
-1	0	0.3	10	0	296	0	1	2	57
-1	0	0.3	10	0	380	0	1	2	57
-1	0	0.3	10	1	296	0	1	2	56
-1	0	0.3	10	1	380	0	1	2	56
-1	0	0.3	21	0	296	0	3	7	56
-1	0	0.3	21	0	380	0	3	7	56
-1	0	0.3	21	1	296	0	3	4	54
-1	0	0.3	21	1	380	0	3	4	54
-1	0	0.3	30	0	296	0	1	1	57
-1	0	0.3	30	0	380	0	1	1	57
-1	0	0.3	30	1	296	0	1	2	57
-1	0	0.3	30	1	380	0	1	2	57
-1	0	0.3	41	0	296	0	3	4	56
-1	0	0.3	41	0	380	0	3	4	56
-1	0	0.3	41	1	296	0	2	3	54
-1	0	0.3	41	1	380	0	2	3	54
-1	0	0.4	0	0	296	0	2	4	56
-1	0	0.4	0	0	380	0	2	4	56
-1	0	0.4	0	1	296	0	2	2	54
-1	0	0.4	0	1	380	0	2	2	54
-1	0	0.4	10	0	296	0	3	4	56
-1	0	0.4	10	0	380	0	3	4	56
-1	0	0.4	10	1	296	0	1	1	56
-1	0	0.4	10	1	380	0	1	1	56
-1	0	0.4	21	0	296	0	1	1	57
-1	0	0.4	21	0	380	0	1	1	57
-1	0	0.4	21	1	296	0	1	1	55
-1	0	0.4	21	1	380	0	1	1	55
-1	0	0.4	30	0	296	0	1	1	58
-1	0	0.4	30	0	380	0	1	1	58
-1	0	0.4	30	1	296	0	0	0	56
-1	0	0.4	30	1	380	0	0	0	56
-1	0	0.4	41	0	296	0	1	2	57
-1	0	0.4	41	0	380	0	1	2	57
-1	0	0.4	41	1	296	0	3	3	58
-1	0	0.4	41	1	380	0	3	3	58
-1	0	0.5	0	0	296	0	5	7	54
-1	0	0.5	0	0	380	0	5	7	54
-1	0	0.5	0	1	296	0	0	0	56
-1	0	0.5	0	1	380	0	0	0	56
-1	0	0.5	10	0	296	0	6	6	56
-1	0	0.5	10	0	380	0	6	6	56
-1	0	0.5	10	1	296	0	1	1	57
-1	0	0.5	10	1	380	0	1	1	57
-1	0	0.5	21	0	296	0	5	7	57
-1	0	0.5	21	0	380	0	5	7	57
-1	0	0.5	21	1	296	0	2	2	56
-1	0	0.5	21	1	380	0	2	2	56
-1	0	0.5	30	0	296	0	0	0	58
-1	0	0.5	30	0	380	0	0	0	58
-1	0	0.5	30	1	296	0	2	2	56
-1	0	0.5	30	1	380	0	2	2	56
-1	0	0.5	41	0	296	0	2	3	57
-1	0	0.5	41	0	380	0	2	3	57
-1	0	0.5	41	1	296	0	0	0	56
-1	0	0.5	41	1	380	0	0	0	56
-1	0	0.6	0	0	296	0	3	6	55
-1	0	0.6	0	0	380	0	3	6	55
-1	0	0.6	0	1	296	0	2	4	56
-1	0	0.6	0	1	380	0	2	4	56
-1	0	0.6	10	0	296	0	0	0	58
-1	0	0.6	10	0	380	0	0	0	58
-1	0	0.6	10	1	296	0	1	6	52
-1	0	0.6	10	1	380	0	1	6	52
-1	0	0.6	21	0	296	0	2	2	56
-1	0	0.6	21	0	380	0	2	2	56
-1	0	0.6	21	1	296	0	2	4	57
-1	0	0.6	21	1	380	0	2	4	57
-1	0	0.6	30	0	296	0	1	1	57
-1	0	0.6	30	0	380	0	1	1	57
-1	0	0.6	30	1	296	0	2	2	56
-1	0	0.6	30	1	380	0	2	2	56
-1	0	0.6	41	0	296	0	1	6	53
-1	0	0.6	41	0	380	0	1	6	53
-1	0	0.6	41	1	296	0	2	6	58
-1	0	0.6	41	1	380	0	2	6	58
-1	0	0.7	0	0	296	0	2	9	51
-1	0	0.7	0	0	380	0	2	9	51
-1	0	0.7	0	1	296	0	1	2	57
-1	0	0.7	0	1	380	0	1	2	57
-1	0	0.7	10	0	296	0	3	6	54
-1	0	0.7	10	0	380	0	3	6	54
-1	0	0.7	10	1	296	0	2	6	55
-1	0	0.7	10	1	380	0	2	6	55
-1	0	0.7	21	0	296	0	1	1	58
-1	0	0.7	21	0	380	0	1	1	58
-1	0	0.7	21	1	296	0	1	6	56
-1	0	0.7	21	1	380	0	1	6	56
-1	0	0.7	30	0	296	0	1	1	57
-1	0	0.7	30	0	380	0	1	1	57
-1	0	0.7	30	1	296	0	0	0	58
-1	0	0.7	30	1	380	0	0	0	58
-1	0	0.7	41	0	296	0	2	6	55
-1	0	0.7	41	0	380	0	2	6	55
-1	0	0.7	41	1	296	0	1	5	54
-1	0	0.7	41	1	380	0	1	5	54
-1	0	0.8	0	0	296	0	1	15	49
-1	0	0.8	0	0	380	0	1	15	49
-1	0	0.8	0	1	296	0	2	4	57
-1	0	0.8	0	1	380	0	2	4	57
-1	0	0.8	10	0	296	0	2	3	57
-1	0	0.8	10	0	380	0	2	3	57
-1	0	0.8	10	1	296	0	1	12	46
-1	0	0.8	10	1	380	0	1	12	46
-1	0	0.8	21	0	296	0	2	9	53
-1	0	0.8	21	0	380	0	2	9	53
-1	0	0.8	21	1	296	0	1	5	55
-1	0	0.8	21	1	380	0	1	5	55
-1	0	0.8	30	0	296	0	0	0	58
-1	0	0.8	30	0	380	0	0	0	58
-1	0	0.8	30	1	296	0	3	3	56
-1	0	0.8	30	1	380	0	3	3	56
-1	0	0.8	41	0	296	0	3	7	55
-1	0	0.8	41	0	380	0	3	7	55
-1	0	0.8	41	1	296	0	2	8	55
-1	0	0.8	41	1	380	0	2	8	55
-1	0	0.9	0	0	296	0	2	9	53
-1	0	0.9	0	0	380	0	2	9	53
-1	0	0.9	0	1	296	0	1	2	55
-1	0	0.9	0	1	380	0	1	2	55
-1	0	0.9	10	0	296	0	2	9	53
-1	0	0.9	10	0	380	0	2	9	53
-1	0	0.9	10	1	296	0	3	4	53
-1	0	0.9	10	1	380	0	3	4	53
-1	0	0.9	21	0	296	0	1	2	57
-1	0	0.9	21	0	380	0	1	2	57
-1	0	0.9	21	1	296	0	1	5	55
-1	0	0.9	21	1	380	0	1	5	55
-1	0	0.9	30	0	296	0	2	9	53
-1	0	0.9	30	0	380	0	2	9	53
-1	0	0.9	30	1	296	0	4	7	52
-1	0	0.9	30	1	380	0	4	7	52
-1	0	0.9	41	0	296	0	2	15	51
-1	0	0.9	41	0	380	0	2	15	51
-1	0	0.9	41	1	296	0	1	9	50
-1	0	0.9	41	1	380	0	1	9	50
-1	1	0.0	0	0	296	0	2	2	29
-1	1	0.0	0	0	380	0	2	2	29
-1	1	0.0	0	1	296	0	1	1	29
-1	1	0.0	0	1	380	0	1	1	29
-1	1	0.0	10	0	296	0	1	1	29
-1	1	0.0	10	0	380	0	1	1	29
-1	1	0.0	10	1	296	0	2	3	28
-1	1	0.0	10	1	380	0	2	3	28
-1	1	0.0	21	0	296	0	2	2	29
-1	1	0.0	21	0	380	0	2	2	29
-1	1	0.0	21	1	296	0	2	2	29
-1	1	0.0	21	1	380	0	2	2	29
-1	1	0.0	30	0	296	0	2	2	29
-1	1	0.0	30	0	380	0	2	2	29
-1	1	0.0	30	1	296	0	2	2	29
-1	1	0.0	30	1	380	0	2	2	29
-1	1	0.0	41	0	296	0	1	1	29
-1	1	0.0	41	0	380	0	1	1	29
-1	1	0.0	41	1	296	0	1	1	29
-1	1	0.0	41	1	380	0	1	1	29
-1	1	0.1	0	0	296	0	1	1	29
-1	1	0.1	0	0	380	0	1	1	29
-1	1	0.1	0	1	296	0	1	1	28
-1	1	0.1	0	1	380	0	1	1	28
-1	1	0.1	10	0	296	0	2	2	29
-1	1	0.1	10	0	380	0	2	2	29
-1	1	0.1	10	1	296	0	2	5	29
-1	1	0.1	10	1	380	0	2	5	29
-1	1	0.1	21	0	296	0	1	1	30
-1	1	0.1	21	0	380	0	1	1	30
-1	1	0.1	21	1	296	0	2	9	29
-1	1	0.1	21	1	380	0	2	9	29
-1	1	0.1	30	0	296	0	3	3	29
-1	1	0.1	30	0	380	0	3	3	29
-1	1	0.1	30	1	296	0	2	3	29
-1	1	0.1	30	1	380	0	2	3	29
-1	1	0.1	41	0	296	0	1	1	29
-1	1	0.1	41	0	380	0	1	1	29
-1	1	0.1	41	1	296	0	1	1	29
-1	1	0.1	41	1	380	0	1	1	29
-1	1	0.2	0	0	296	0	2	2	29
-1	1	0.2	0	0	380	0	2	2	29
-1	1	0.2	0	1	296	0	2	2	29
-1	1	0.2	0	1	380	0	2	2	29
-1	1	0.2	10	0	296	0	2	2	29
-1	1	0.2	10	0	380	0	2	2	29
-1	1	0.2	10	1	296	0	2	2	29
-1	1	0.2	10	1	380	0	2	2	29
-1	1	0.2	21	0	296	0	2	2	29
-1	1	0.2	21	0	380	0	2	2	29
-1	1	0.2	21	1	296	0	2	2	29
-1	1	0.2	21	1	380	0	2	2	29
-1	1	0.2	30	0	296	0	2	2	29
-1	1	0.2	30	0	380	0	2	2	29
-1	1	0.2	30	1	296	0	2	4	29
-1	1	0.2	30	1	380	0	2	4	29
-1	1	0.2	41	0	296	0	3	3	29
-1	1	0.2	41	0	380	0	3	3	29
-1	1	0.2	41	1	296	0	1	1	28
-1	1	0.2	41	1	380	0	1	1	28
-1	1	0.3	0	0	296	0	2	2	29
-1	1	0.3	0	0	380	0	2	2	29
-1	1	0.3	0	1	296	0	2	5	29
-1	1	0.3	0	1	380	0	2	5	29
-1	1	0.3	10	0	296	0	1	1	29
-1	1	0.3	10	0	380	0	1	1	29
-1	1	0.3	10	1	296	0	2	3	28
-1	1	0.3	10	1	380	0	2	3	28
-1	1	0.3	21	0	296	0	1	1	30
-1	1	0.3	21	0	380	0	1	1	30
-1	1	0.3	21	1	296	0	1	1	28
-1	1	0.3	21	1	380	0	1	1	28
-1	1	0.3	30	0	296	0	1	1	29
-1	1	0.3	30	0	380	0	1	1	29
-1	1	0.3	30	1	296	0	2	4	29
-1	1	0.3	30	1	380	0	2	4	29
-1	1	0.3	41	0	296	0	2	2	30
-1	1	0.3	41	0	380	0	2	2	30
-1	1	0.3	41	1	296	0	2	4	29
-1	1	0.3	41	1	380	0	2	4	29
-1	1	0.4	0	0	296	0	1	1	30
-1	1	0.4	0	0	380	0	1	1	30
-1	1	0.4	0	1	296	0	3	3	28
-1	1	0.4	0	1	380	0	3	3	28
-1	1	0.4	10	0	296	0	2	2	30
-1	1	0.4	10	0	380	0	2	2	30
-1	1	0.4	10	1	296	0	2	2	29
-1	1	0.4	10	1	380	0	2	2	29
-1	1	0.4	21	0	296	0	1	1	29
-1	1	0.4	21	0	380	0	1	1	29
-1	1	0.4	21	1	296	0	1	1	28
-1	1	0.4	21	1	380	0	1	1	28
-1	1	0.4	30	0	296	0	2	2	29
-1	1	0.4	30	0	380	0	2	2	29
-1	1	0.4	30	1	296	0	2	2	29
-1	1	0.4	30	1	380	0	2	2	29
-1	1	0.4	41	0	296	0	3	3	29
-1	1	0.4	41	0	380	0	3	3	29
-1	1	0.4	41	1	296	0	1	1	29
-1	1	0.4	41	1	380	0	1	1	29
-1	1	0.5	0	0	296	0	2	2	30
-1	1	0.5	0	0	380	0	2	2	30
-1	1	0.5	0	1	296	0	1	1	29
-1	1	0.5	0	1	380	0	1	1	29
-1	1	0.5	10	0	296	0	2	2	29
-1	1	0.5	10	0	380	0	2	2	29
-1	1	0.5	10	1	296	0	1	1	29
-1	1	0.5	10	1	380	0	1	1	29
-1	1	0.5	21	0	296	0	2	2	30
-1	1	0.5	21	0	380	0	2	2	30
-1	1	0.5	21	1	296	0	1	1	28
-1	1	0.5	21	1	380	0	1	1	28
-1	1	0.5	30	0	296	0	1	1	30
-1	1	0.5	30	0	380	0	1	1	30
-1	1	0.5	30	1	296	0	1	1	29
-1	1	0.5	30	1	380	0	1	1	29
-1	1	0.5	41	0	296	0	1	1	29
-1	1	0.5	41	0	380	0	1	1	29
-1	1	0.5	41	1	296	0	1	1	29
-1	1	0.5	41	1	380	0	1	1	29
-1	1	0.6	0	0	296	0	2	2	30
-1	1	0.6	0	0	380	0	2	2	30
-1	1	0.6	0	1	296	0	3	3	29
-1	1	0.6	0	1	380	0	3	3	29
-1	1	0.6	10	0	296	0	1	1	30
-1	1	0.6	10	0	380	0	1	1	30
-1	1	0.6	10	1	296	0	3	4	28
-1	1	0.6	10	1	380	0	3	4	28
-1	1	0.6	21	0	296	0	2	2	30
-1	1	0.6	21	0	380	0	2	2	30
-1	1	0.6	21	1	296	0	2	6	29
-1	1	0.6	21	1	380	0	2	6	29
-1	1	0.6	30	0	296	0	1	1	30
-1	1	0.6	30	0	380	0	1	1	30
-1	1	0.6	30	1	296	0	2	2	29
-1	1	0.6	30	1	380	0	2	2	29
-1	1	0.6	41	0	296	0	1	1	30
-1	1	0.6	41	0	380	0	1	1	30
-1	1	0.6	41	1	296	0	2	2	29
-1	1	0.6	41	1	380	0	2	2	29
-1	1	0.7	0	0	296	0	1	1	29
-1	1	0.7	0	0	380	0	1	1	29
-1	1	0.7	0	1	296	0	2	6	29
-1	1	0.7	0	1	380	0	2	6	29
-1	1	0.7	10	0	296	0	1	1	29
-1	1	0.7	10	0	380	0	1	1	29
-1	1	0.7	10	1	296	0	2	2	29
-1	1	0.7	10	1	380	0	2	2	29
-1	1	0.7	21	0	296	0	1	1	29
-1	1	0.7	21	0	380	0	1	1	29
-1	1	0.7	21	1	296	0	2	5	29
-1	1	0.7	21	1	380	0	2	5	29
-1	1	0.7	30	0	296	0	1	1	29
-1	1	0.7	30	0	380	0	1	1	29
-1	1	0.7	30	1	296	0	2	4	29
-1	1	0.7	30	1	380	0	2	4	29
-1	1	0.7	41	0	296	0	1	1	29
-1	1	0.7	41	0	380	0	1	1	29
-1	1	0.7	41	1	296	0	2	3	29
-1	1	0.7	41	1	380	0	2	3	29
-1	1	0.8	0	0	296	0	2	2	29
-1	1	0.8	0	0	380	0	2	2	29
-1	1	0.8	0	1	296	0	1	1	29
-1	1	0.8	0	1	380	0	1	1	29
-1	1	0.8	10	0	296	0	2	2	29
-1	1	0.8	10	0	380	0	2	2	29
-1	1	0.8	10	1	296	0	2	5	28
-1	1	0.8	10	1	380	0	2	5	28
-1	1	0.8	21	0	296	0	2	2	30
-1	1	0.8	21	0	380	0	2	2	30
-1	1	0.8	21	1	296	0	2	4	29
-1	1	0.8	21	1	380	0	2	4	29
-1	1	0.8	30	0	296	0	1	1	29
-1	1	0.8	30	0	380	0	1	1	29
-1	1	0.8	30	1	296	0	2	6	28
-1	1	0.8	30	1	380	0	2	6	28
-1	1	0.8	41	0	296	0	2	2	30
-1	1	0.8	41	0	380	0	2	2	30
-1	1	0.8	41	1	296	0	2	4	29
-1	1	0.8	41	1	380	0	2	4	29
-1	1	0.9	0	0	296	0	2	2	29
-1	1	0.9	0	0	380	0	2	2	29
-1	1	0.9	0	1	296	0	2	8	29
-1	1	0.9	0	1	380	0	2	8	29
-1	1	0.9	10	0	296	0	2	2	29
-1	1	0.9	10	0	380	0	2	2	29
-1	1	0.9	10	1	296	0	2	5	29
-1	1	0.9	10	1	380	0	2	5	29
-1	1	0.9	21	0	296	0	1	1	30
-1	1	0.9	21	0	380	0	1	1	30
-1	1	0.9	21	1	296	0	2	2	28
-1	1	0.9	21	1	380	0	2	2	28
-1	1	0.9	30	0	296	0	2	2	30
-1	1	0.9	30	0	380	0	2	2	30
-1	1	0.9	30	1	296	0	2	3	29
-1	1	0.9	30	1	380	0	2	3	29
-1	1	0.9	41	0	296	0	1	1	29
-1	1	0.9	41	0	380	0	1	1	29
-1	1	0.9	41	1	296	0	2	7	28
-1	1	0.9	41	1	380	0	2	7	28
0	0	0.0	0	0	296	0	2	5	55
0	0	0.0	0	0	380	0	2	5	55
0	0	0.0	0	1	296	0	2	4	54
0	0	0.0	0	1	380	0	2	4	54
0	0	0.0	10	0	296	0	0	0	58
0	0	0.0	10	0	380	0	0	0	58
0	0	0.0	10	1	296	0	1	1	56
0	0	0.0	10	1	380	0	1	1	56
0	0	0.0	21	0	296	0	1	1	57
0	0	0.0	21	0	380	0	1	1	57
0	0	0.0	21	1	296	0	0	0	56
0	0	0.0	21	1	380	0	0	0	56
0	0	0.0	30	0	296	0	3	4	56
0	0	0.0	30	0	380	0	3	4	56
0	0	0.0	30	1	296	0	1	1	58
0	0	0.0	30	1	380	0	1	1	58
0	0	0.0	41	0	296	0	1	1	57
0	0	0.0	41	0	380	0	1	1	57
0	0	0.0	41	1	296	0	1	1	58
0	0	0.0	41	1	380	0	1	1	58
0	0	0.1	0	0	296	0	1	5	56
0	0	0.1	0	0	380	0	1	5	56
0	0	0.1	0	1	296	0	1	1	57
0	0	0.1	0	1	380	0	1	1	57
0	0	0.1	10	0	296	0	2	7	53
0	0	0.1	10	0	380	0	2	7	53
0	0	0.1	10	1	296	0	1	2	58
0	0	0.1	10	1	380	0	1	2	58
0	0	0.1	21	0	296	0	0	0	58
0	0	0.1	21	0	380	0	0	0	58
0	0	0.1	21	1	296	0	1	1	57
0	0	0.1	21	1	380	0	1	1	57
0	0	0.1	30	0	296	0	3	3	57
0	0	0.1	30	0	380	0	3	3	57
0	0	0.1	30	1	296	0	1	1	55
0	0	0.1	30	1	380	0	1	1	55
0	0	0.1	41	0	296	0	1	1	58
0	0	0.1	41	0	380	0	1	1	58
0	0	0.1	41	1	296	0	1	1	56
0	0	0.1	41	1	380	0	1	1	56
0	0	0.2	0	0	296	0	1	2	56
0	0	0.2	0	0	380	0	1	2	56
0	0	0.2	0	1	296	0	0	0	58
0	0	0.2	0	1	380	0	0	0	58
0	0	0.2	10	0	296	0	2	3	57
0	0	0.2	10	0	380	0	2	3	57
0	0	0.2	10	1	296	0	2	6	54
0	0	0.2	10	1	380	0	2	6	54
0	0	0.2	21	0	296	0	4	8	53
0	0	0.2	21	0	380	0	4	8	53
0	0	0.2	21	1	296	0	2	2	57
0	0	0.2	21	1	380	0	2	2	57
0	0	0.2	30	0	296	0	1	4	55
0	0	0.2	30	0	380	0	1	4	55
0	0	0.2	30	1	296	0	1	2	56
0	0	0.2	30	1	380	0	1	2	56
0	0	0.2	41	0	296	0	0	0	58
0	0	0.2	41	0	380	0	0	0	58
0	0	0.2	41	1	296	0	3	3	56
0	0	0.2	41	1	380	0	3	3	56
0	0	0.3	0	0	296	0	1	4	57
0	0	0.3	0	0	380	0	1	4	57
0	0	0.3	0	1	296	0	4	4	57
0	0	0.3	0	1	380	0	4	4	57
0	0	0.3	10	0	296	0	0	0	56
0	0	0.3	10	0	380	0	0	0	56
0	0	0.3	10	1	296	0	1	1	56
0	0	0.3	10	1	380	0	1	1	56
0	0	0.3	21	0	296	0	3	4	56
0	0	0.3	21	0	380	0	3	4	56
0	0	0.3	21	1	296	0	1	1	58
0	0	0.3	21	1	380	0	1	1	58
0	0	0.3	30	0	296	0	2	2	56
0	0	0.3	30	0	380	0	2	2	56
0	0	0.3	30	1	296	0	2	3	55
0	0	0.3	30	1	380	0	2	3	55
0	0	0.3	41	0	296	0	2	3	55
0	0	0.3	41	0	380	0	2	3	55
0	0	0.3	41	1	296	0	4	4	56
0	0	0.3	41	1	380	0	4	4	56
0	0	0.4	0	0	296	0	1	3	57
0	0	0.4	0	0	380	0	1	3	57
0	0	0.4	0	1	296	0	1	1	55
0	0	0.4	0	1	380	0	1	1	55
0	0	0.4	10	0	296	0	1	1	57
0	0	0.4	10	0	380	0	1	1	57
0	0	0.4	10	1	296	0	2	2	55
0	0	0.4	10	1	380	0	2	2	55
0	0	0.4	21	0	296	0	1	1	57
0	0	0.4	21	0	380	0	1	1	57
0	0	0.4	21	1	296	0	0	0	56
0	0	0.4	21	1	380	0	0	0	56
0	0	0.4	30	0	296	0	2	2	58
0	0	0.4	30	0	380	0	2	2	58
0	0	0.4	30	1	296	0	0	0	58
0	0	0.4	30	1	380	0	0	0	58
0	0	0.4	41	0	296	0	3	4	54
0	0	0.4	41	0	380	0	3	4	54
0	0	0.4	41	1	296	0	0	0	58
0	0	0.4	41	1	380	0	0	0	58
0	0	0.5	0	0	296	0	1	1	57
0	0	0.5	0	0	380	0	1	1	57
0	0	0.5	0	1	296	0	2	2	57
0	0	0.5	0	1	380	0	2	2	57
0	0	0.5	10	0	296	0	2	2	57
0	0	0.5	10	0	380	0	2	2	57
0	0	0.5	10	1	296	0	4	5	56
0	0	0.5	10	1	380	0	4	5	56
0	0	0.5	21	0	296	0	2	2	57
0	0	0.5	21	0	380	0	2	2	57
0	0	0.5	21	1	296	0	4	4	55
0	0	0.5	21	1	380	0	4	4	55
0	0	0.5	30	0	296	0	2	3	58
0	0	0.5	30	0	380	0	2	3	58
0	0	0.5	30	1	296	0	4	4	55
0	0	0.5	30	1	380	0	4	4	55
0	0	0.5	41	0	296	0	2	2	56
0	0	0.5	41	0	380	0	2	2	56
0	0	0.5	41	1	296	0	4	4	57
0	0	0.5	41	1	380	0	4	4	57
0	0	0.6	0	0	296	0	2	7	57
0	0	0.6	0	0	380	0	2	7	57
0	0	0.6	0	1	296	0	3	3	57
0	0	0.6	0	1	380	0	3	3	57
0	0	0.6	10	0	296	0	1	1	57
0	0	0.6	10	0	380	0	1	1	57
0	0	0.6	10	1	296	0	2	2	55
0	0	0.6	10	1	380	0	2	2	55
0	0	0.6	21	0	296	0	0	0	58
0	0	0.6	21	0	380	0	0	0	58
0	0	0.6	21	1	296	0	3	4	58
0	0	0.6	21	1	380	0	3	4	58
0	0	0.6	30	0	296	0	1	2	57
0	0	0.6	30	0	380	0	1	2	57
0	0	0.6	30	1	296	0	4	4	56
0	0	0.6	30	1	380	0	4	4	56
0	0	0.6	41	0	296	0	0	0	58
0	0	0.6	41	0	380	0	0	0	58
0	0	0.6	41	1	296	0	2	2	55
0	0	0.6	41	1	380	0	2	2	55
0	0	0.7	0	0	296	0	1	10	53
0	0	0.7	0	0	380	0	1	10	53
0	0	0.7	0	1	296	0	0	0	58
0	0	0.7	0	1	380	0	0	0	58
0	0	0.7	10	0	296	0	1	2	57
0	0	0.7	10	0	380	0	1	2	57
0	0	0.7	10	1	296	0	0	0	58
0	0	0.7	10	1	380	0	0	0	58
0	0	0.7	21	0	296	0	2	7	54
0	0	0.7	21	0	380	0	2	7	54
0	0	0.7	21	1	296	0	0	0	58
0	0	0.7	21	1	380	0	0	0	58
0	0	0.7	30	0	296	0	0	0	58
0	0	0.7	30	0	380	0	0	0	58
0	0	0.7	30	1	296	0	2	2	57
0	0	0.7	30	1	380	0	2	2	57
0	0	0.7	41	0	296	0	1	5	55
0	0	0.7	41	0	380	0	1	5	55
0	0	0.7	41	1	296	0	0	0	58
0	0	0.7	41	1	380	0	0	0	58
0	0	0.8	0	0	296	0	2	9	53
0	0	0.8	0	0	380	0	2	9	53
0	0	0.8	0	1	296	0	0	0	56
0	0	0.8	0	1	380	0	0	0	56
0	0	0.8	10	0	296	0	1	3	57
0	0	0.8	10	0	380	0	1	3	57
0	0	0.8	10	1	296	0	2	4	55
0	0	0.8	10	1	380	0	2	4	55
0	0	0.8	21	0	296	0	1	7	56
0	0	0.8	21	0	380	0	1	7	56
0	0	0.8	21	1	296	0	0	0	56
0	0	0.8	21	1	380	0	0	0	56
0	0	0.8	30	0	296	0	0	0	58
0	0	0.8	30	0	380	0	0	0	58
0	0	0.8	30	1	296	0	0	0	58
0	0	0.8	30	1	380	0	0	0	58
0	0	0.8	41	0	296	0	2	6	55
0	0	0.8	41	0	380	0	2	6	55
0	0	0.8	41	1	296	0	0	0	58
0	0	0.8	41	1	380	0	0	0	58
0	0	0.9	0	0	296	0	1	5	55
0	0	0.9	0	0	380	0	1	5	55
0	0	0.9	0	1	296	0	1	1	55
0	0	0.9	0	1	380	0	1	1	55
0	0	0.9	10	0	296	0	3	3	57
0	0	0.9	10	0	380	0	3	3	57
0	0	0.9	10	1	296	0	1	1	55
0	0	0.9	10	1	380	0	1	1	55
0	0	0.9	21	0	296	0	1	1	58
0	0	0.9	21	0	380	0	1	1	58
0	0	0.9	21	1	296	0	1	1	55
0	0	0.9	21	1	380	0	1	1	55
0	0	0.9	30	0	296	0	1	1	58
0	0	0.9	30	0	380	0	1	1	58
0	0	0.9	30	1	296	0	1	1	55
0	0	0.9	30	1	380	0	1	1	55
0	0	0.9	41	0	296	0	1	10	51
0	0	0.9	41	0	380	0	1	10	51
0	0	0.9	41	1	296	0	2	2	57
0	0	0.9	41	1	380	0	2	2	57
0	1	0.0	0	0	296	0	1	1	29
0	1	0.0	0	0	380	0	1	1	29
0	1	0.0	0	1	296	0	1	1	29
0	1	0.0	0	1	380	0	1	1	29
0	1	0.0	10	0	296	0	1	1	29
0	1	0.0	10	0	380	0	1	1	29
0	1	0.0	10	1	296	0	1	1	28
0	1	0.0	10	1	380	0	1	1	28
0	1	0.0	21	0	296	0	1	1	29
0	1	0.0	21	0	380	0	1	1	29
0	1	0.0	21	1	296	0	1	1	28
0	1	0.0	21	1	380	0	1	1	28
0	1	0.0	30	0	296	0	3	3	29
0	1	0.0	30	0	380	0	3	3	29
0	1	0.0	30	1	296	0	1	1	28
0	1	0.0	30	1	380	0	1	1	28
0	1	0.0	41	0	296	0	1	1	29
0	1	0.0	41	0	380	0	1	1	29
0	1	0.0	41	1	296	0	1	1	29
0	1	0.0	41	1	380	0	1	1	29
0	1	0.1	0	0	296	0	1	1	29
0	1	0.1	0	0	380	0	1	1	29
0	1	0.1	0	1	296	0	1	1	29
0	1	0.1	0	1	380	0	1	1	29
0	1	0.1	10	0	296	0	3	3	29
0	1	0.1	10	0	380	0	3	3	29
0	1	0.1	10	1	296	0	2	2	28
0	1	0.1	10	1	380	0	2	2	28
0	1	0.1	21	0	296	0	2	5	29
0	1	0.1	21	0	380	0	2	5	29
0	1	0.1	21	1	296	0	2	2	29
0	1	0.1	21	1	380	0	2	2	29
0	1	0.1	30	0	296	0	1	1	29
0	1	0.1	30	0	380	0	1	1	29
0	1	0.1	30	1	296	0	1	1	29
0	1	0.1	30	1	380	0	1	1	29
0	1	0.1	41	0	296	0	2	5	29
0	1	0.1	41	0	380	0	2	5	29
0	1	0.1	41	1	296	0	1	1	28
0	1	0.1	41	1	380	0	1	1	28
0	1	0.2	0	0	296	0	2	4	29
0	1	0.2	0	0	380	0	2	4	29
0	1	0.2	0	1	296	0	2	2	29
0	1	0.2	0	1	380	0	2	2	29
0	1	0.2	10	0	296	0	1	1	29
0	1	0.2	10	0	380	0	1	1	29
0	1	0.2	10	1	296	0	2	2	29
0	1	0.2	10	1	380	0	2	2	29
0	1	0.2	21	0	296	0	1	1	29
0	1	0.2	21	0	380	0	1	1	29
0	1	0.2	21	1	296	0	3	4	28
0	1	0.2	21	1	380	0	3	4	28
0	1	0.2	30	0	296	0	1	1	29
0	1	0.2	30	0	380	0	1	1	29
0	1	0.2	30	1	296	0	2	2	29
0	1	0.2	30	1	380	0	2	2	29
0	1	0.2	41	0	296	0	2	3	29
0	1	0.2	41	0	380	0	2	3	29
0	1	0.2	41	1	296	0	3	3	29
0	1	0.2	41	1	380	0	3	3	29
0	1	0.3	0	0	296	0	2	3	29
0	1	0.3	0	0	380	0	2	3	29
0	1	0.3	0	1	296	0	2	2	29
0	1	0.3	0	1	380	0	2	2	29
0	1	0.3	10	0	296	0	2	3	29
0	1	0.3	10	0	380	0	2	3	29
0	1	0.3	10	1	296	0	1	1	28
0	1	0.3	10	1	380	0	1	1	28
0	1	0.3	21	0	296	0	2	4	29
0	1	0.3	21	0	380	0	2	4	29
0	1	0.3	21	1	296	0	3	3	29
0	1	0.3	21	1	380	0	3	3	29
0	1	0.3	30	0	296	0	1	1	29
0	1	0.3	30	0	380	0	1	1	29
0	1	0.3	30	1	296	0	2	2	29
0	1	0.3	30	1	380	0	2	2	29
0	1	0.3	41	0	296	0	1	1	29
0	1	0.3	41	0	380	0	1	1	29
0	1	0.3	41	1	296	0	1	1	29
0	1	0.3	41	1	380	0	1	1	29
0	1	0.4	0	0	296	0	2	2	29
0	1	0.4	0	0	380	0	2	2	29
0	1	0.4	0	1	296	0	1	1	29
0	1	0.4	0	1	380	0	1	1	29
0	1	0.4	10	0	296	0	2	2	29
0	1	0.4	10	0	380	0	2	2	29
0	1	0.4	10	1	296	0	1	1	28
0	1	0.4	10	1	380	0	1	1	28
0	1	0.4	21	0	296	0	1	1	29
0	1	0.4	21	0	380	0	1	1	29
0	1	0.4	21	1	296	0	2	2	28
0	1	0.4	21	1	380	0	2	2	28
0	1	0.4	30	0	296	0	1	1	29
0	1	0.4	30	0	380	0	1	1	29
0	1	0.4	30	1	296	0	1	1	28
0	1	0.4	30	1	380	0	1	1	28
0	1	0.4	41	0	296	0	2	3	29
0	1	0.4	41	0	380	0	2	3	29
0	1	0.4	41	1	296	0	1	1	29
0	1	0.4	41	1	380	0	1	1	29
0	1	0.5	0	0	296	0	2	2	29
0	1	0.5	0	0	380	0	2	2	29
0	1	0.5	0	1	296	0	1	1	28
0	1	0.5	0	1	380	0	1	1	28
0	1	0.5	10	0	296	0	2	2	29
0	1	0.5	10	0	380	0	2	2	29
0	1	0.5	10	1	296	0	1	1	28
0	1	0.5	10	1	380	0	1	1	28
0	1	0.5	21	0	296	0	2	2	29
0	1	0.5	21	0	380	0	2	2	29
0	1	0.5	21	1	296	0	1	1	28
0	1	0.5	21	1	380	0	1	1	28
0	1	0.5	30	0	296	0	1	1	29
0	1	0.5	30	0	380	0	1	1	29
0	1	0.5	30	1	296	0	2	2	29
0	1	0.5	30	1	380	0	2	2	29
0	1	0.5	41	0	296	0	2	2	29
0	1	0.5	41	0	380	0	2	2	29
0	1	0.5	41	1	296	0	1	1	28
0	1	0.5	41	1	380	0	1	1	28
0	1	0.6	0	0	296	0	2	3	29
0	1	0.6	0	0	380	0	2	3	29
0	1	0.6	0	1	296	0	1	1	28
0	1	0.6	0	1	380	0	1	1	28
0	1	0.6	10	0	296	0	1	1	29
0	1	0.6	10	0	380	0	1	1	29
0	1	0.6	10	1	296	0	1	1	29
0	1	0.6	10	1	380	0	1	1	29
0	1	0.6	21	0	296	0	2	2	29
0	1	0.6	21	0	380	0	2	2	29
0	1	0.6	21	1	296	0	1	1	29
0	1	0.6	21	1	380	0	1	1	29
0	1	0.6	30	0	296	0	2	2	29
0	1	0.6	30	0	380	0	2	2	29
0	1	0.6	30	1	296	0	2	2	28
0	1	0.6	30	1	380	0	2	2	28
0	1	0.6	41	0	296	0	2	9	29
0	1	0.6	41	0	380	0	2	9	29
0	1	0.6	41	1	296	0	1	1	29
0	1	0.6	41	1	380	0	1	1	29
0	1	0.7	0	0	296	0	2	4	29
0	1	0.7	0	0	380	0	2	4	29
0	1	0.7	0	1	296	0	1	1	29
0	1	0.7	0	1	380	0	1	1	29
0	1	0.7	10	0	296	0	2	2	29
0	1	0.7	10	0	380	0	2	2	29
0	1	0.7	10	1	296	0	1	1	29
0	1	0.7	10	1	380	0	1	1	29
0	1	0.7	21	0	296	0	2	2	29
0	1	0.7	21	0	380	0	2	2	29
0	1	0.7	21	1	296	0	1	1	29
0	1	0.7	21	1	380	0	1	1	29
0	1	0.7	30	0	296	0	1	1	29
0	1	0.7	30	0	380	0	1	1	29
0	1	0.7	30	1	296	0	1	1	29
0	1	0.7	30	1	380	0	1	1	29
0	1	0.7	41	0	296	0	2	4	29
0	1	0.7	41	0	380	0	2	4	29
0	1	0.7	41	1	296	0	1	1	29
0	1	0.7	41	1	380	0	1	1	29
0	1	0.8	0	0	296	0	2	5	29
0	1	0.8	0	0	380	0	2	5	29
0	1	0.8	0	1	296	0	2	2	28
0	1	0.8	0	1	380	0	2	2	28
0	1	0.8	10	0	296	0	2	3	29
0	1	0.8	10	0	380	0	2	3	29
0	1	0.8	10	1	296	0	3	3	28
0	1	0.8	10	1	380	0	3	3	28
0	1	0.8	21	0	296	0	2	9	29
0	1	0.8	21	0	380	0	2	9	29
0	1	0.8	21	1	296	0	2	4	29
0	1	0.8	21	1	380	0	2	4	29
0	1	0.8	30	0	296	0	1	1	29
0	1	0.8	30	0	380	0	1	1	29
0	1	0.8	30	1	296	0	1	1	29
0	1	0.8	30	1	380	0	1	1	29
0	1	0.8	41	0	296	0	2	4	29
0	1	0.8	41	0	380	0	2	4	29
0	1	0.8	41	1	296	0	2	2	29
0	1	0.8	41	1	380	0	2	2	29
0	1	0.9	0	0	296	0	2	5	29
0	1	0.9	0	0	380	0	2	5	29
0	1	0.9	0	1	296	0	2	2	29
0	1	0.9	0	1	380	0	2	2	29
0	1	0.9	10	0	296	0	2	2	29
0	1	0.9	10	0	380	0	2	2	29
0	1	0.9	10	1	296	0	1	1	29
0	1	0.9	10	1	380	0	1	1	29
0	1	0.9	21	0	296	0	2	2	29
0	1	0.9	21	0	380	0	2	2	29
0	1	0.9	21	1	296	0	2	2	29
0	1	0.9	21	1	380	0	2	2	29
0	1	0.9	30	0	296	0	2	4	29
0	1	0.9	30	0	380	0	2	4	29
0	1	0.9	30	1	296	0	1	1	29
0	1	0.9	30	1	380	0	1	1	29
0	1	0.9	41	0	296	0	2	7	29
0	1	0.9	41	0	380	0	2	7	29
0	1	0.9	41	1	296	0	2	2	29
0	1	0.9	41	1	380	0	2	2	29
1	0	0.0	0	0	296	0	1	3	58
1	0	0.0	0	0	380	0	1	3	58
1	0	0.0	0	1	296	0	1	2	57
1	0	0.0	0	1	380	0	1	2	57
1	0	0.0	10	0	296	0	1	1	57
1	0	0.0	10	0	380	0	1	1	57
1	0	0.0	10	1	296	0	2	6	57
1	0	0.0	10	1	380	0	2	6	57
1	0	0.0	21	0	296	0	1	1	57
1	0	0.0	21	0	380	0	1	1	57
1	0	0.0	21	1	296	0	2	2	57
1	0	0.0	21	1	380	0	2	2	57
1	0	0.0	30	0	296	0	1	1	58
1	0	0.0	30	0	380	0	1	1	58
1	0	0.0	30	1	296	0	2	2	56
1	0	0.0	30	1	380	0	2	2	56
1	0	0.0	41	0	296	0	0	0	58
1	0	0.0	41	0	380	0	0	0	58
1	0	0.0	41	1	296	0	3	3	54
1	0	0.0	41	1	380	0	3	3	54
1	0	0.1	0	0	296	0	1	1	57
1	0	0.1	0	0	380	0	1	1	57
1	0	0.1	0	1	296	0	1	1	58
1	0	0.1	0	1	380	0	1	1	58
1	0	0.1	10	0	296	0	1	1	58
1	0	0.1	10	0	380	0	1	1	58
1	0	0.1	10	1	296	0	1	3	56
1	0	0.1	10	1	380	0	1	3	56
1	0	0.1	21	0	296	0	1	1	57
1	0	0.1	21	0	380	0	1	1	57
1	0	0.1	21	1	296	0	0	0	58
1	0	0.1	21	1	380	0	0	0	58
1	0	0.1	30	0	296	0	2	2	58
1	0	0.1	30	0	380	0	2	2	58
1	0	0.1	30	1	296	0	2	5	56
1	0	0.1	30	1	380	0	2	5	56
1	0	0.1	41	0	296	0	3	3	57
1	0	0.1	41	0	380	0	3	3	57
1	0	0.1	41	1	296	0	1	2	57
1	0	0.1	41	1	380	0	1	2	57
1	0	0.2	0	0	296	0	0	0	58
1	0	0.2	0	0	380	0	0	0	58
1	0	0.2	0	1	296	0	3	3	54
1	0	0.2	0	1	380	0	3	3	54
1	0	0.2	10	0	296	0	2	2	57
1	0	0.2	10	0	380	0	2	2	57
1	0	0.2	10	1	296	0	0	0	58
1	0	0.2	10	1	380	0	0	0	58
1	0	0.2	21	0	296	0	1	1	57
1	0	0.2	21	0	380	0	1	1	57
1	0	0.2	21	1	296	0	1	1	58
1	0	0.2	21	1	380	0	1	1	58
1	0	0.2	30	0	296	0	3	4	57
1	0	0.2	30	0	380	0	3	4	57
1	0	0.2	30	1	296	0	3	3	57
1	0	0.2	30	1	380	0	3	3	57
1	0	0.2	41	0	296	0	2	2	57
1	0	0.2	41	0	380	0	2	2	57
1	0	0.2	41	1	296	0	3	3	57
1	0	0.2	41	1	380	0	3	3	57
1	0	0.3	0	0	296	0	4	4	55
1	0	0.3	0	0	380	0	4	4	55
1	0	0.3	0	1	296	0	0	0	58
1	0	0.3	0	1	380	0	0	0	58
1	0	0.3	10	0	296	0	2	2	58
1	0	0.3	10	0	380	0	2	2	58
1	0	0.3	10	1	296	0	0	0	58
1	0	0.3	10	1	380	0	0	0	58
1	0	0.3	21	0	296	0	1	1	58
1	0	0.3	21	0	380	0	1	1	58
1	0	0.3	21	1	296	0	0	0	56
1	0	0.3	21	1	380	0	0	0	56
1	0	0.3	30	0	296	0	3	3	55
1	0	0.3	30	0	380	0	3	3	55
1	0	0.3	30	1	296	0	0	0	58
1	0	0.3	30	1	380	0	0	0	58
1	0	0.3	41	0	296	0	1	1	58
1	0	0.3	41	0	380	0	1	1	58
1	0	0.3	41	1	296	0	1	1	55
1	0	0.3	41	1	380	0	1	1	55
1	0	0.4	0	0	296	0	3	4	55
1	0	0.4	0	0	380	0	3	4	55
1	0	0.4	0	1	296	0	0	0	58
1	0	0.4	0	1	380	0	0	0	58
1	0	0.4	10	0	296	0	0	0	58
1	0	0.4	10	0	380	0	0	0	58
1	0	0.4	10	1	296	0	1	1	58
1	0	0.4	10	1	380	0	1	1	58
1	0	0.4	21	0	296	0	4	4	56
1	0	0.4	21	0	380	0	4	4	56
1	0	0.4	21	1	296	0	0	0	56
1	0	0.4	21	1	380	0	0	0	56
1	0	0.4	30	0	296	0	4	4	57
1	0	0.4	30	0	380	0	4	4	57
1	0	0.4	30	1	296	0	2	2	57
1	0	0.4	30	1	380	0	2	2	57
1	0	0.4	41	0	296	0	0	0	58
1	0	0.4	41	0	380	0	0	0	58
1	0	0.4	41	1	296	0	1	1	55
1	0	0.4	41	1	380	0	1	1	55
1	0	0.5	0	0	296	0	1	1	58
1	0	0.5	0	0	380	0	1	1	58
1	0	0.5	0	1	296	0	3	3	56
1	0	0.5	0	1	380	0	3	3	56
1	0	0.5	10	0	296	0	0	0	58
1	0	0.5	10	0	380	0	0	0	58
1	0	0.5	10	1	296	0	1	1	57
1	0	0.5	10	1	380	0	1	1	57
1	0	0.5	21	0	296	0	0	0	58
1	0	0.5	21	0	380	0	0	0	58
1	0	0.5	21	1	296	0	1	1	57
1	0	0.5	21	1	380	0	1	1	57
1	0	0.5	30	0	296	0	3	3	55
1	0	0.5	30	0	380	0	3	3	55
1	0	0.5	30	1	296	0	3	3	54
1	0	0.5	30	1	380	0	3	3	54
1	0	0.5	41	0	296	0	1	1	57
1	0	0.5	41	0	380	0	1	1	57
1	0	0.5	41	1	296	0	1	1	57
1	0	0.5	41	1	380	0	1	1	57
1	0	0.6	0	0	296	0	4	4	57
1	0	0.6	0	0	380	0	4	4	57
1	0	0.6	0	1	296	0	3	3	58
1	0	0.6	0	1	380	0	3	3	58
1	0	0.6	10	0	296	0	0	0	58
1	0	0.6	10	0	380	0	0	0	58
1	0	0.6	10	1	296	0	0	0	56
1	0	0.6	10	1	380	0	0	0	56
1	0	0.6	21	0	296	0	0	0	58
1	0	0.6	21	0	380	0	0	0	58
1	0	0.6	21	1	296	0	0	0	58
1	0	0.6	21	1	380	0	0	0	58
1	0	0.6	30	0	296	0	1	1	58
1	0	0.6	30	0	380	0	1	1	58
1	0	0.6	30	1	296	0	0	0	56
1	0	0.6	30	1	380	0	0	0	56
1	0	0.6	41	0	296	0	2	2	57
1	0	0.6	41	0	380	0	2	2	57
1	0	0.6	41	1	296	0	1	1	58
1	0	0.6	41	1	380	0	1	1	58
1	0	0.7	0	0	296	0	1	1	58
1	0	0.7	0	0	380	0	1	1	58
1	0	0.7	0	1	296	0	0	0	58
1	0	0.7	0	1	380	0	0	0	58
1	0	0.7	10	0	296	0	0	0	58
1	0	0.7	10	0	380	0	0	0	58
1	0	0.7	10	1	296	0	0	0	58
1	0	0.7	10	1	380	0	0	0	58
1	0	0.7	21	0	296	0	2	2	58
1	0	0.7	21	0	380	0	2	2	58
1	0	0.7	21	1	296	0	0	0	58
1	0	0.7	21	1	380	0	0	0	58
1	0	0.7	30	0	296	0	0	0	58
1	0	0.7	30	0	380	0	0	0	58
1	0	0.7	30	1	296	0	0	0	58
1	0	0.7	30	1	380	0	0	0	58
1	0	0.7	41	0	296	0	1	1	58
1	0	0.7	41	0	380	0	1	1	58
1	0	0.7	41	1	296	0	0	0	58
1	0	0.7	41	1	380	0	0	0	58
1	0	0.8	0	0	296	0	3	4	55
1	0	0.8	0	0	380	0	3	4	55
1	0	0.8	0	1	296	0	2	2	56
1	0	0.8	0	1	380	0	2	2	56
1	0	0.8	10	0	296	0	3	3	55
1	0	0.8	10	0	380	0	3	3	55
1	0	0.8	10	1	296	0	1	1	58
1	0	0.8	10	1	380	0	1	1	58
1	0	0.8	21	0	296	0	0	0	58
1	0	0.8	21	0	380	0	0	0	58
1	0	0.8	21	1	296	0	0	0	58
1	0	0.8	21	1	380	0	0	0	58
1	0	0.8	30	0	296	0	1	2	56
1	0	0.8	30	0	380	0	1	2	56
1	0	0.8	30	1	296	0	1	1	58
1	0	0.8	30	1	380	0	1	1	58
1	0	0.8	41	0	296	0	1	3	55
1	0	0.8	41	0	380	0	1	3	55
1	0	0.8	41	1	296	0	1	1	58
1	0	0.8	41	1	380	0	1	1	58
1	0	0.9	0	0	296	0	1	1	58
1	0	0.9	0	0	380	0	1	1	58
1	0	0.9	0	1	296	0	3	3	54
1	0	0.9	0	1	380	0	3	3	54
1	0	0.9	10	0	296	0	2	2	57
1	0	0.9	10	0	380	0	2	2	57
1	0	0.9	10	1	296	0	3	3	56
1	0	0.9	10	1	380	0	3	3	56
1	0	0.9	21	0	296	0	3	3	57
1	0	0.9	21	0	380	0	3	3	57
1	0	0.9	21	1	296	0	1	1	57
1	0	0.9	21	1	380	0	1	1	57
1	0	0.9	30	0	296	0	1	1	58
1	0	0.9	30	0	380	0	1	1	58
1	0	0.9	30	1	296	0	2	2	54
1	0	0.9	30	1	380	0	2	2	54
1	0	0.9	41	0	296	0	1	1	58
1	0	0.9	41	0	380	0	1	1	58
1	0	0.9	41	1	296	0	1	1	57
1	0	0.9	41	1	380	0	1	1	57
1	1	0.0	0	0	296	0	1	1	29
1	1	0.0	0	0	380	0	1	1	29
1	1	0.0	0	1	296	0	3	3	29
1	1	0.0	0	1	380	0	3	3	29
1	1	0.0	10	0	296	0	1	1	29
1	1	0.0	10	0	380	0	1	1	29
1	1	0.0	10	1	296	0	1	1	28
1	1	0.0	10	1	380	0	1	1	28
1	1	0.0	21	0	296	0	1	1	29
1	1	0.0	21	0	380	0	1	1	29
1	1	0.0	21	1	296	0	1	1	28
1	1	0.0	21	1	380	0	1	1	28
1	1	0.0	30	0	296	0	1	1	29
1	1	0.0	30	0	380	0	1	1	29
1	1	0.0	30	1	296	0	2	2	29
1	1	0.0	30	1	380	0	2	2	29
1	1	0.0	41	0	296	0	1	1	29
1	1	0.0	41	0	380	0	1	1	29
1	1	0.0	41	1	296	0	1	1	29
1	1	0.0	41	1	380	0	1	1	29
1	1	0.1	0	0	296	0	2	2	29
1	1	0.1	0	0	380	0	2	2	29
1	1	0.1	0	1	296	0	1	1	29
1	1	0.1	0	1	380	0	1	1	29
1	1	0.1	10	0	296	0	2	2	29
1	1	0.1	10	0	380	0	2	2	29
1	1	0.1	10	1	296	0	1	1	29
1	1	0.1	10	1	380	0	1	1	29
1	1	0.1	21	0	296	0	2	2	29
1	1	0.1	21	0	380	0	2	2	29
1	1	0.1	21	1	296	0	1	1	29
1	1	0.1	21	1	380	0	1	1	29
1	1	0.1	30	0	296	0	2	2	29
1	1	0.1	30	0	380	0	2	2	29
1	1	0.1	30	1	296	0	1	1	28
1	1	0.1	30	1	380	0	1	1	28
1	1	0.1	41	0	296	0	1	1	29
1	1	0.1	41	0	380	0	1	1	29
1	1	0.1	41	1	296	0	2	2	28
1	1	0.1	41	1	380	0	2	2	28
1	1	0.2	0	0	296	0	2	2	29
1	1	0.2	0	0	380	0	2	2	29
1	1	0.2	0	1	296	0	1	1	29
1	1	0.2	0	1	380	0	1	1	29
1	1	0.2	10	0	296	0	2	2	29
1	1	0.2	10	0	380	0	2	2	29
1	1	0.2	10	1	296	0	1	1	29
1	1	0.2	10	1	380	0	1	1	29
1	1	0.2	21	0	296	0	1	1	29
1	1	0.2	21	0	380	0	1	1	29
1	1	0.2	21	1	296	0	2	2	29
1	1	0.2	21	1	380	0	2	2	29
1	1	0.2	30	0	296	0	2	2	29
1	1	0.2	30	0	380	0	2	2	29
1	1	0.2	30	1	296	0	1	1	28
1	1	0.2	30	1	380	0	1	1	28
1	1	0.2	41	0	296	0	1	1	29
1	1	0.2	41	0	380	0	1	1	29
1	1	0.2	41	1	296	0	3	3	29
1	1	0.2	41	1	380	0	3	3	29
1	1	0.3	0	0	296	0	2	2	29
1	1	0.3	0	0	380	0	2	2	29
1	1	0.3	0	1	296	0	2	2	29
1	1	0.3	0	1	380	0	2	2	29
1	1	0.3	10	0	296	0	2	2	28
1	1	0.3	10	0	380	0	2	2	28
1	1	0.3	10	1	296	0	1	1	28
1	1	0.3	10	1	380	0	1	1	28
1	1	0.3	21	0	296	0	2	2	29
1	1	0.3	21	0	380	0	2	2	29
1	1	0.3	21	1	296	0	1	1	29
1	1	0.3	21	1	380	0	1	1	29
1	1	0.3	30	0	296	0	1	1	29
1	1	0.3	30	0	380	0	1	1	29
1	1	0.3	30	1	296	0	1	1	28
1	1	0.3	30	1	380	0	1	1	28
1	1	0.3	41	0	296	0	1	1	29
1	1	0.3	41	0	380	0	1	1	29
1	1	0.3	41	1	296	0	2	2	28
1	1	0.3	41	1	380	0	2	2	28
1	1	0.4	0	0	296	0	2	2	29
1	1	0.4	0	0	380	0	2	2	29
1	1	0.4	0	1	296	0	3	3	28
1	1	0.4	0	1	380	0	3	3	28
1	1	0.4	10	0	296	0	1	1	29
1	1	0.4	10	0	380	0	1	1	29
1	1	0.4	10	1	296	0	1	1	28
1	1	0.4	10	1	380	0	1	1	28
1	1	0.4	21	0	296	0	1	1	29
1	1	0.4	21	0	380	0	1	1	29
1	1	0.4	21	1	296	0	1	1	28
1	1	0.4	21	1	380	0	1	1	28
1	1	0.4	30	0	296	0	1	1	29
1	1	0.4	30	0	380	0	1	1	29
1	1	0.4	30	1	296	0	1	1	29
1	1	0.4	30	1	380	0	1	1	29
1	1	0.4	41	0	296	0	1	1	29
1	1	0.4	41	0	380	0	1	1	29
1	1	0.4	41	1	296	0	1	1	29
1	1	0.4	41	1	380	0	1	1	29
1	1	0.5	0	0	296	0	2	2	29
1	1	0.5	0	0	380	0	2	2	29
1	1	0.5	0	1	296	0	2	2	28
1	1	0.5	0	1	380	0	2	2	28
1	1	0.5	10	0	296	0	1	1	29
1	1	0.5	10	0	380	0	1	1	29
1	1	0.5	10	1	296	0	2	2	28
1	1	0.5	10	1	380	0	2	2	28
1	1	0.5	21	0	296	0	2	2	29
1	1	0.5	21	0	380	0	2	2	29
1	1	0.5	21	1	296	0	2	2	28
1	1	0.5	21	1	380	0	2	2	28
1	1	0.5	30	0	296	0	1	1	29
1	1	0.5	30	0	380	0	1	1	29
1	1	0.5	30	1	296	0	2	2	28
1	1	0.5	30	1	380	0	2	2	28
1	1	0.5	41	0	296	0	2	2	29
1	1	0.5	41	0	380	0	2	2	29
1	1	0.5	41	1	296	0	2	2	29
1	1	0.5	41	1	380	0	2	2	29
1	1	0.6	0	0	296	0	2	2	29
1	1	0.6	0	0	380	0	2	2	29
1	1	0.6	0	1	296	0	3	3	29
1	1	0.6	0	1	380	0	3	3	29
1	1	0.6	10	0	296	0	1	1	29
1	1	0.6	10	0	380	0	1	1	29
1	1	0.6	10	1	296	0	2	2	29
1	1	0.6	10	1	380	0	2	2	29
1	1	0.6	21	0	296	0	1	1	29
1	1	0.6	21	0	380	0	1	1	29
1	1	0.6	21	1	296	0	3	3	29
1	1	0.6	21	1	380	0	3	3	29
1	1	0.6	30	0	296	0	1	1	29
1	1	0.6	30	0	380	0	1	1	29
1	1	0.6	30	1	296	0	3	3	29
1	1	0.6	30	1	380	0	3	3	29
1	1	0.6	41	0	296	0	2	2	29
1	1	0.6	41	0	380	0	2	2	29
1	1	0.6	41	1	296	0	1	1	28
1	1	0.6	41	1	380	0	1	1	28
1	1	0.7	0	0	296	0	1	1	29
1	1	0.7	0	0	380	0	1	1	29
1	1	0.7	0	1	296	0	1	1	29
1	1	0.7	0	1	380	0	1	1	29
1	1	0.7	10	0	296	0	1	1	29
1	1	0.7	10	0	380	0	1	1	29
1	1	0.7	10	1	296	0	1	1	29
1	1	0.7	10	1	380	0	1	1	29
1	1	0.7	21	0	296	0	1	1	29
1	1	0.7	21	0	380	0	1	1	29
1	1	0.7	21	1	296	0	1	1	29
1	1	0.7	21	1	380	0	1	1	29
1	1	0.7	30	0	296	0	1	1	29
1	1	0.7	30	0	380	0	1	1	29
1	1	0.7	30	1	296	0	1	1	29
1	1	0.7	30	1	380	0	1	1	29
1	1	0.7	41	0	296	0	1	1	29
1	1	0.7	41	0	380	0	1	1	29
1	1	0.7	41	1	296	0	1	1	29
1	1	0.7	41	1	380	0	1	1	29
1	1	0.8	0	0	296	0	1	1	29
1	1	0.8	0	0	380	0	1	1	29
1	1	0.8	0	1	296	0	1	1	28
1	1	0.8	0	1	380	0	1	1	28
1	1	0.8	10	0	296	0	1	1	29
1	1	0.8	10	0	380	0	1	1	29
1	1	0.8	10	1	296	0	2	8	29
1	1	0.8	10	1	380	0	2	8	29
1	1	0.8	21	0	296	0	1	1	29
1	1	0.8	21	0	380	0	1	1	29
1	1	0.8	21	1	296	0	1	1	28
1	1	0.8	21	1	380	0	1	1	28
1	1	0.8	30	0	296	0	1	1	29
1	1	0.8	30	0	380	0	1	1	29
1	1	0.8	30	1	296	0	1	1	29
1	1	0.8	30	1	380	0	1	1	29
1	1	0.8	41	0	296	0	2	3	29
1	1	0.8	41	0	380	0	2	3	29
1	1	0.8	41	1	296	0	1	1	29
1	1	0.8	41	1	380	0	1	1	29
1	1	0.9	0	0	296	0	1	1	29
1	1	0.9	0	0	380	0	1	1	29
1	1	0.9	0	1	296	0	2	2	28
1	1	0.9	0	1	380	0	2	2	28
1	1	0.9	10	0	296	0	1	1	29
1	1	0.9	10	0	380	0	1	1	29
1	1	0.9	10	1	296	0	2	2	28
1	1	0.9	10	1	380	0	2	2	28
1	1	0.9	21	0	296	0	3	3	29
1	1	0.9	21	0	380	0	3	3	29
1	1	0.9	21	1	296	0	2	2	28
1	1	0.9	21	1	380	0	2	2	28
1	1	0.9	30	0	296	0	1	1	29
1	1	0.9	30	0	380	0	1	1	29
1	1	0.9	30	1	296	0	2	2	28
1	1	0.9	30	1	380	0	2	2	28
1	1	0.9	41	0	296	0	1	1	29
1	1	0.9	41	0	380	0	1	1	29
1	1	0.9	41	1	296	0	2	2	29
1	1	0.9	41	1	380	0	2	2	29
