k,"lane_G(0=G0/c0,1=G1/c1)",burst_B,pos_j,iB_index,j_if_LSB_dropped,j_if_LSB_inverted,iB_index_if_LSB_inverted
0,0,0,0,0,0,1,1
1,1,1,98,212,98,99,213
2,0,2,82,310,82,83,311
3,1,3,66,408,66,67,409
4,0,0,51,51,50,50,50
5,1,1,35,149,34,34,148
6,0,2,19,247,18,18,246
7,1,3,3,345,2,2,344
8,0,0,100,100,100,101,101
9,1,1,84,198,84,85,199
10,0,2,68,296,68,69,297
11,1,3,52,394,52,53,395
12,0,0,37,37,36,36,36
13,1,1,21,135,20,20,134
14,0,2,5,233,4,4,232
15,1,3,103,445,102,102,444
16,0,0,86,86,86,87,87
17,1,1,70,184,70,71,185
18,0,2,54,282,54,55,283
19,1,3,38,380,38,39,381
20,0,0,23,23,22,22,22
21,1,1,7,121,6,6,120
22,0,2,105,333,104,104,332
23,1,3,89,431,88,88,430
24,0,0,72,72,72,73,73
25,1,1,56,170,56,57,171
26,0,2,40,268,40,41,269
27,1,3,24,366,24,25,367
28,0,0,9,9,8,8,8
29,1,1,107,221,106,106,220
30,0,2,91,319,90,90,318
31,1,3,75,417,74,74,416
32,0,0,58,58,58,59,59
33,1,1,42,156,42,43,157
34,0,2,26,254,26,27,255
35,1,3,10,352,10,11,353
36,0,0,109,109,108,108,108
37,1,1,93,207,92,92,206
38,0,2,77,305,76,76,304
39,1,3,61,403,60,60,402
40,0,0,44,44,44,45,45
41,1,1,28,142,28,29,143
42,0,2,12,240,12,13,241
43,1,3,110,452,110,111,453
44,0,0,95,95,94,94,94
45,1,1,79,193,78,78,192
46,0,2,63,291,62,62,290
47,1,3,47,389,46,46,388
48,0,0,30,30,30,31,31
49,1,1,14,128,14,15,129
50,0,2,112,340,112,113,341
51,1,3,96,438,96,97,439
52,0,0,81,81,80,80,80
53,1,1,65,179,64,64,178
54,0,2,49,277,48,48,276
55,1,3,33,375,32,32,374
56,0,0,16,16,16,17,17
57,1,1,0,114,0,1,115
58,0,2,98,326,98,99,327
59,1,3,82,424,82,83,425
60,0,0,67,67,66,66,66
61,1,1,51,165,50,50,164
62,0,2,35,263,34,34,262
63,1,3,19,361,18,18,360
64,0,0,2,2,2,3,3
65,1,1,100,214,100,101,215
66,0,2,84,312,84,85,313
67,1,3,68,410,68,69,411
68,0,0,53,53,52,52,52
69,1,1,37,151,36,36,150
70,0,2,21,249,20,20,248
71,1,3,5,347,4,4,346
72,0,0,102,102,102,103,103
73,1,1,86,200,86,87,201
74,0,2,70,298,70,71,299
75,1,3,54,396,54,55,397
76,0,0,39,39,38,38,38
77,1,1,23,137,22,22,136
78,0,2,7,235,6,6,234
79,1,3,105,447,104,104,446
80,0,0,88,88,88,89,89
81,1,1,72,186,72,73,187
82,0,2,56,284,56,57,285
83,1,3,40,382,40,41,383
84,0,0,25,25,24,24,24
85,1,1,9,123,8,8,122
86,0,2,107,335,106,106,334
87,1,3,91,433,90,90,432
88,0,0,74,74,74,75,75
89,1,1,58,172,58,59,173
90,0,2,42,270,42,43,271
91,1,3,26,368,26,27,369
92,0,0,11,11,10,10,10
93,1,1,109,223,108,108,222
94,0,2,93,321,92,92,320
95,1,3,77,419,76,76,418
96,0,0,60,60,60,61,61
97,1,1,44,158,44,45,159
98,0,2,28,256,28,29,257
99,1,3,12,354,12,13,355
100,0,0,111,111,110,110,110
101,1,1,95,209,94,94,208
102,0,2,79,307,78,78,306
103,1,3,63,405,62,62,404
104,0,0,46,46,46,47,47
105,1,1,30,144,30,31,145
106,0,2,14,242,14,15,243
107,1,3,112,454,112,113,455
108,0,0,97,97,96,96,96
109,1,1,81,195,80,80,194
110,0,2,65,293,64,64,292
111,1,3,49,391,48,48,390
112,0,0,32,32,32,33,33
113,1,1,16,130,16,17,131
114,0,2,0,228,0,1,229
115,1,3,98,440,98,99,441
116,0,0,83,83,82,82,82
117,1,1,67,181,66,66,180
118,0,2,51,279,50,50,278
119,1,3,35,377,34,34,376
120,0,0,18,18,18,19,19
121,1,1,2,116,2,3,117
122,0,2,100,328,100,101,329
123,1,3,84,426,84,85,427
124,0,0,69,69,68,68,68
125,1,1,53,167,52,52,166
126,0,2,37,265,36,36,264
127,1,3,21,363,20,20,362
128,0,0,4,4,4,5,5
129,1,1,102,216,102,103,217
130,0,2,86,314,86,87,315
131,1,3,70,412,70,71,413
132,0,0,55,55,54,54,54
133,1,1,39,153,38,38,152
134,0,2,23,251,22,22,250
135,1,3,7,349,6,6,348
136,0,0,104,104,104,105,105
137,1,1,88,202,88,89,203
138,0,2,72,300,72,73,301
139,1,3,56,398,56,57,399
140,0,0,41,41,40,40,40
141,1,1,25,139,24,24,138
142,0,2,9,237,8,8,236
143,1,3,107,449,106,106,448
144,0,0,90,90,90,91,91
145,1,1,74,188,74,75,189
146,0,2,58,286,58,59,287
147,1,3,42,384,42,43,385
148,0,0,27,27,26,26,26
149,1,1,11,125,10,10,124
150,0,2,109,337,108,108,336
151,1,3,93,435,92,92,434
152,0,0,76,76,76,77,77
153,1,1,60,174,60,61,175
154,0,2,44,272,44,45,273
155,1,3,28,370,28,29,371
156,0,0,13,13,12,12,12
157,1,1,111,225,110,110,224
158,0,2,95,323,94,94,322
159,1,3,79,421,78,78,420
160,0,0,62,62,62,63,63
161,1,1,46,160,46,47,161
162,0,2,30,258,30,31,259
163,1,3,14,356,14,15,357
164,0,0,113,113,112,112,112
165,1,1,97,211,96,96,210
166,0,2,81,309,80,80,308
167,1,3,65,407,64,64,406
168,0,0,48,48,48,49,49
169,1,1,32,146,32,33,147
170,0,2,16,244,16,17,245
171,1,3,0,342,0,1,343
172,0,0,99,99,98,98,98
173,1,1,83,197,82,82,196
174,0,2,67,295,66,66,294
175,1,3,51,393,50,50,392
176,0,0,34,34,34,35,35
177,1,1,18,132,18,19,133
178,0,2,2,230,2,3,231
179,1,3,100,442,100,101,443
180,0,0,85,85,84,84,84
181,1,1,69,183,68,68,182
182,0,2,53,281,52,52,280
183,1,3,37,379,36,36,378
184,0,0,20,20,20,21,21
185,1,1,4,118,4,5,119
186,0,2,102,330,102,103,331
187,1,3,86,428,86,87,429
188,0,0,71,71,70,70,70
189,1,1,55,169,54,54,168
190,0,2,39,267,38,38,266
191,1,3,23,365,22,22,364
192,0,0,6,6,6,7,7
193,1,1,104,218,104,105,219
194,0,2,88,316,88,89,317
195,1,3,72,414,72,73,415
196,0,0,57,57,56,56,56
197,1,1,41,155,40,40,154
198,0,2,25,253,24,24,252
199,1,3,9,351,8,8,350
200,0,0,106,106,106,107,107
201,1,1,90,204,90,91,205
202,0,2,74,302,74,75,303
203,1,3,58,400,58,59,401
204,0,0,43,43,42,42,42
205,1,1,27,141,26,26,140
206,0,2,11,239,10,10,238
207,1,3,109,451,108,108,450
208,0,0,92,92,92,93,93
209,1,1,76,190,76,77,191
210,0,2,60,288,60,61,289
211,1,3,44,386,44,45,387
212,0,0,29,29,28,28,28
213,1,1,13,127,12,12,126
214,0,2,111,339,110,110,338
215,1,3,95,437,94,94,436
216,0,0,78,78,78,79,79
217,1,1,62,176,62,63,177
218,0,2,46,274,46,47,275
219,1,3,30,372,30,31,373
220,0,0,15,15,14,14,14
221,1,1,113,227,112,112,226
222,0,2,97,325,96,96,324
223,1,3,81,423,80,80,422
224,0,0,64,64,64,65,65
225,1,1,48,162,48,49,163
226,0,2,32,260,32,33,261
227,1,3,16,358,16,17,359
228,0,0,1,1,0,0,0
229,1,1,99,213,98,98,212
230,0,2,83,311,82,82,310
231,1,3,67,409,66,66,408
232,0,0,50,50,50,51,51
233,1,1,34,148,34,35,149
234,0,2,18,246,18,19,247
235,1,3,2,344,2,3,345
236,0,0,101,101,100,100,100
237,1,1,85,199,84,84,198
238,0,2,69,297,68,68,296
239,1,3,53,395,52,52,394
240,0,0,36,36,36,37,37
241,1,1,20,134,20,21,135
242,0,2,4,232,4,5,233
243,1,3,102,444,102,103,445
244,0,0,87,87,86,86,86
245,1,1,71,185,70,70,184
246,0,2,55,283,54,54,282
247,1,3,39,381,38,38,380
248,0,0,22,22,22,23,23
249,1,1,6,120,6,7,121
250,0,2,104,332,104,105,333
251,1,3,88,430,88,89,431
252,0,0,73,73,72,72,72
253,1,1,57,171,56,56,170
254,0,2,41,269,40,40,268
255,1,3,25,367,24,24,366
256,0,0,8,8,8,9,9
257,1,1,106,220,106,107,221
258,0,2,90,318,90,91,319
259,1,3,74,416,74,75,417
260,0,0,59,59,58,58,58
261,1,1,43,157,42,42,156
262,0,2,27,255,26,26,254
263,1,3,11,353,10,10,352
264,0,0,108,108,108,109,109
265,1,1,92,206,92,93,207
266,0,2,76,304,76,77,305
267,1,3,60,402,60,61,403
268,0,0,45,45,44,44,44
269,1,1,29,143,28,28,142
270,0,2,13,241,12,12,240
271,1,3,111,453,110,110,452
272,0,0,94,94,94,95,95
273,1,1,78,192,78,79,193
274,0,2,62,290,62,63,291
275,1,3,46,388,46,47,389
276,0,0,31,31,30,30,30
277,1,1,15,129,14,14,128
278,0,2,113,341,112,112,340
279,1,3,97,439,96,96,438
280,0,0,80,80,80,81,81
281,1,1,64,178,64,65,179
282,0,2,48,276,48,49,277
283,1,3,32,374,32,33,375
284,0,0,17,17,16,16,16
285,1,1,1,115,0,0,114
286,0,2,99,327,98,98,326
287,1,3,83,425,82,82,424
288,0,0,66,66,66,67,67
289,1,1,50,164,50,51,165
290,0,2,34,262,34,35,263
291,1,3,18,360,18,19,361
292,0,0,3,3,2,2,2
293,1,1,101,215,100,100,214
294,0,2,85,313,84,84,312
295,1,3,69,411,68,68,410
296,0,0,52,52,52,53,53
297,1,1,36,150,36,37,151
298,0,2,20,248,20,21,249
299,1,3,4,346,4,5,347
300,0,0,103,103,102,102,102
301,1,1,87,201,86,86,200
302,0,2,71,299,70,70,298
303,1,3,55,397,54,54,396
304,0,0,38,38,38,39,39
305,1,1,22,136,22,23,137
306,0,2,6,234,6,7,235
307,1,3,104,446,104,105,447
308,0,0,89,89,88,88,88
309,1,1,73,187,72,72,186
310,0,2,57,285,56,56,284
311,1,3,41,383,40,40,382
312,0,0,24,24,24,25,25
313,1,1,8,122,8,9,123
314,0,2,106,334,106,107,335
315,1,3,90,432,90,91,433
316,0,0,75,75,74,74,74
317,1,1,59,173,58,58,172
318,0,2,43,271,42,42,270
319,1,3,27,369,26,26,368
320,0,0,10,10,10,11,11
321,1,1,108,222,108,109,223
322,0,2,92,320,92,93,321
323,1,3,76,418,76,77,419
324,0,0,61,61,60,60,60
325,1,1,45,159,44,44,158
326,0,2,29,257,28,28,256
327,1,3,13,355,12,12,354
328,0,0,110,110,110,111,111
329,1,1,94,208,94,95,209
330,0,2,78,306,78,79,307
331,1,3,62,404,62,63,405
332,0,0,47,47,46,46,46
333,1,1,31,145,30,30,144
334,0,2,15,243,14,14,242
335,1,3,113,455,112,112,454
336,0,0,96,96,96,97,97
337,1,1,80,194,80,81,195
338,0,2,64,292,64,65,293
339,1,3,48,390,48,49,391
340,0,0,33,33,32,32,32
341,1,1,17,131,16,16,130
342,0,2,1,229,0,0,228
343,1,3,99,441,98,98,440
344,0,0,82,82,82,83,83
345,1,1,66,180,66,67,181
346,0,2,50,278,50,51,279
347,1,3,34,376,34,35,377
348,0,0,19,19,18,18,18
349,1,1,3,117,2,2,116
350,0,2,101,329,100,100,328
351,1,3,85,427,84,84,426
352,0,0,68,68,68,69,69
353,1,1,52,166,52,53,167
354,0,2,36,264,36,37,265
355,1,3,20,362,20,21,363
356,0,0,5,5,4,4,4
357,1,1,103,217,102,102,216
358,0,2,87,315,86,86,314
359,1,3,71,413,70,70,412
360,0,0,54,54,54,55,55
361,1,1,38,152,38,39,153
362,0,2,22,250,22,23,251
363,1,3,6,348,6,7,349
364,0,0,105,105,104,104,104
365,1,1,89,203,88,88,202
366,0,2,73,301,72,72,300
367,1,3,57,399,56,56,398
368,0,0,40,40,40,41,41
369,1,1,24,138,24,25,139
370,0,2,8,236,8,9,237
371,1,3,106,448,106,107,449
372,0,0,91,91,90,90,90
373,1,1,75,189,74,74,188
374,0,2,59,287,58,58,286
375,1,3,43,385,42,42,384
376,0,0,26,26,26,27,27
377,1,1,10,124,10,11,125
378,0,2,108,336,108,109,337
379,1,3,92,434,92,93,435
380,0,0,77,77,76,76,76
381,1,1,61,175,60,60,174
382,0,2,45,273,44,44,272
383,1,3,29,371,28,28,370
384,0,0,12,12,12,13,13
385,1,1,110,224,110,111,225
386,0,2,94,322,94,95,323
387,1,3,78,420,78,79,421
388,0,0,63,63,62,62,62
389,1,1,47,161,46,46,160
390,0,2,31,259,30,30,258
391,1,3,15,357,14,14,356
392,0,0,112,112,112,113,113
393,1,1,96,210,96,97,211
394,0,2,80,308,80,81,309
395,1,3,64,406,64,65,407
396,0,0,49,49,48,48,48
397,1,1,33,147,32,32,146
398,0,2,17,245,16,16,244
399,1,3,1,343,0,0,342
400,0,0,98,98,98,99,99
401,1,1,82,196,82,83,197
402,0,2,66,294,66,67,295
403,1,3,50,392,50,51,393
404,0,0,35,35,34,34,34
405,1,1,19,133,18,18,132
406,0,2,3,231,2,2,230
407,1,3,101,443,100,100,442
408,0,0,84,84,84,85,85
409,1,1,68,182,68,69,183
410,0,2,52,280,52,53,281
411,1,3,36,378,36,37,379
412,0,0,21,21,20,20,20
413,1,1,5,119,4,4,118
414,0,2,103,331,102,102,330
415,1,3,87,429,86,86,428
416,0,0,70,70,70,71,71
417,1,1,54,168,54,55,169
418,0,2,38,266,38,39,267
419,1,3,22,364,22,23,365
420,0,0,7,7,6,6,6
421,1,1,105,219,104,104,218
422,0,2,89,317,88,88,316
423,1,3,73,415,72,72,414
424,0,0,56,56,56,57,57
425,1,1,40,154,40,41,155
426,0,2,24,252,24,25,253
427,1,3,8,350,8,9,351
428,0,0,107,107,106,106,106
429,1,1,91,205,90,90,204
430,0,2,75,303,74,74,302
431,1,3,59,401,58,58,400
432,0,0,42,42,42,43,43
433,1,1,26,140,26,27,141
434,0,2,10,238,10,11,239
435,1,3,108,450,108,109,451
436,0,0,93,93,92,92,92
437,1,1,77,191,76,76,190
438,0,2,61,289,60,60,288
439,1,3,45,387,44,44,386
440,0,0,28,28,28,29,29
441,1,1,12,126,12,13,127
442,0,2,110,338,110,111,339
443,1,3,94,436,94,95,437
444,0,0,79,79,78,78,78
445,1,1,63,177,62,62,176
446,0,2,47,275,46,46,274
447,1,3,31,373,30,30,372
448,0,0,14,14,14,15,15
449,1,1,112,226,112,113,227
450,0,2,96,324,96,97,325
451,1,3,80,422,80,81,423
452,0,0,65,65,64,64,64
453,1,1,49,163,48,48,162
454,0,2,33,261,32,32,260
455,1,3,17,359,16,16,358
