iB_index,burst_B,pos_j,source_coded_k,lane_G
0,0,0,0,0
1,0,1,228,0
2,0,2,64,0
3,0,3,292,0
4,0,4,128,0
5,0,5,356,0
6,0,6,192,0
7,0,7,420,0
8,0,8,256,0
9,0,9,28,0
10,0,10,320,0
11,0,11,92,0
12,0,12,384,0
13,0,13,156,0
14,0,14,448,0
15,0,15,220,0
16,0,16,56,0
17,0,17,284,0
18,0,18,120,0
19,0,19,348,0
20,0,20,184,0
21,0,21,412,0
22,0,22,248,0
23,0,23,20,0
24,0,24,312,0
25,0,25,84,0
26,0,26,376,0
27,0,27,148,0
28,0,28,440,0
29,0,29,212,0
30,0,30,48,0
31,0,31,276,0
32,0,32,112,0
33,0,33,340,0
34,0,34,176,0
35,0,35,404,0
36,0,36,240,0
37,0,37,12,0
38,0,38,304,0
39,0,39,76,0
40,0,40,368,0
41,0,41,140,0
42,0,42,432,0
43,0,43,204,0
44,0,44,40,0
45,0,45,268,0
46,0,46,104,0
47,0,47,332,0
48,0,48,168,0
49,0,49,396,0
50,0,50,232,0
51,0,51,4,0
52,0,52,296,0
53,0,53,68,0
54,0,54,360,0
55,0,55,132,0
56,0,56,424,0
57,0,57,196,0
58,0,58,32,0
59,0,59,260,0
60,0,60,96,0
61,0,61,324,0
62,0,62,160,0
63,0,63,388,0
64,0,64,224,0
65,0,65,452,0
66,0,66,288,0
67,0,67,60,0
68,0,68,352,0
69,0,69,124,0
70,0,70,416,0
71,0,71,188,0
72,0,72,24,0
73,0,73,252,0
74,0,74,88,0
75,0,75,316,0
76,0,76,152,0
77,0,77,380,0
78,0,78,216,0
79,0,79,444,0
80,0,80,280,0
81,0,81,52,0
82,0,82,344,0
83,0,83,116,0
84,0,84,408,0
85,0,85,180,0
86,0,86,16,0
87,0,87,244,0
88,0,88,80,0
89,0,89,308,0
90,0,90,144,0
91,0,91,372,0
92,0,92,208,0
93,0,93,436,0
94,0,94,272,0
95,0,95,44,0
96,0,96,336,0
97,0,97,108,0
98,0,98,400,0
99,0,99,172,0
100,0,100,8,0
101,0,101,236,0
102,0,102,72,0
103,0,103,300,0
104,0,104,136,0
105,0,105,364,0
106,0,106,200,0
107,0,107,428,0
108,0,108,264,0
109,0,109,36,0
110,0,110,328,0
111,0,111,100,0
112,0,112,392,0
113,0,113,164,0
114,1,0,57,1
115,1,1,285,1
116,1,2,121,1
117,1,3,349,1
118,1,4,185,1
119,1,5,413,1
120,1,6,249,1
121,1,7,21,1
122,1,8,313,1
123,1,9,85,1
124,1,10,377,1
125,1,11,149,1
126,1,12,441,1
127,1,13,213,1
128,1,14,49,1
129,1,15,277,1
130,1,16,113,1
131,1,17,341,1
132,1,18,177,1
133,1,19,405,1
134,1,20,241,1
135,1,21,13,1
136,1,22,305,1
137,1,23,77,1
138,1,24,369,1
139,1,25,141,1
140,1,26,433,1
141,1,27,205,1
142,1,28,41,1
143,1,29,269,1
144,1,30,105,1
145,1,31,333,1
146,1,32,169,1
147,1,33,397,1
148,1,34,233,1
149,1,35,5,1
150,1,36,297,1
151,1,37,69,1
152,1,38,361,1
153,1,39,133,1
154,1,40,425,1
155,1,41,197,1
156,1,42,33,1
157,1,43,261,1
158,1,44,97,1
159,1,45,325,1
160,1,46,161,1
161,1,47,389,1
162,1,48,225,1
163,1,49,453,1
164,1,50,289,1
165,1,51,61,1
166,1,52,353,1
167,1,53,125,1
168,1,54,417,1
169,1,55,189,1
170,1,56,25,1
171,1,57,253,1
172,1,58,89,1
173,1,59,317,1
174,1,60,153,1
175,1,61,381,1
176,1,62,217,1
177,1,63,445,1
178,1,64,281,1
179,1,65,53,1
180,1,66,345,1
181,1,67,117,1
182,1,68,409,1
183,1,69,181,1
184,1,70,17,1
185,1,71,245,1
186,1,72,81,1
187,1,73,309,1
188,1,74,145,1
189,1,75,373,1
190,1,76,209,1
191,1,77,437,1
192,1,78,273,1
193,1,79,45,1
194,1,80,337,1
195,1,81,109,1
196,1,82,401,1
197,1,83,173,1
198,1,84,9,1
199,1,85,237,1
200,1,86,73,1
201,1,87,301,1
202,1,88,137,1
203,1,89,365,1
204,1,90,201,1
205,1,91,429,1
206,1,92,265,1
207,1,93,37,1
208,1,94,329,1
209,1,95,101,1
210,1,96,393,1
211,1,97,165,1
212,1,98,1,1
213,1,99,229,1
214,1,100,65,1
215,1,101,293,1
216,1,102,129,1
217,1,103,357,1
218,1,104,193,1
219,1,105,421,1
220,1,106,257,1
221,1,107,29,1
222,1,108,321,1
223,1,109,93,1
224,1,110,385,1
225,1,111,157,1
226,1,112,449,1
227,1,113,221,1
228,2,0,114,0
229,2,1,342,0
230,2,2,178,0
231,2,3,406,0
232,2,4,242,0
233,2,5,14,0
234,2,6,306,0
235,2,7,78,0
236,2,8,370,0
237,2,9,142,0
238,2,10,434,0
239,2,11,206,0
240,2,12,42,0
241,2,13,270,0
242,2,14,106,0
243,2,15,334,0
244,2,16,170,0
245,2,17,398,0
246,2,18,234,0
247,2,19,6,0
248,2,20,298,0
249,2,21,70,0
250,2,22,362,0
251,2,23,134,0
252,2,24,426,0
253,2,25,198,0
254,2,26,34,0
255,2,27,262,0
256,2,28,98,0
257,2,29,326,0
258,2,30,162,0
259,2,31,390,0
260,2,32,226,0
261,2,33,454,0
262,2,34,290,0
263,2,35,62,0
264,2,36,354,0
265,2,37,126,0
266,2,38,418,0
267,2,39,190,0
268,2,40,26,0
269,2,41,254,0
270,2,42,90,0
271,2,43,318,0
272,2,44,154,0
273,2,45,382,0
274,2,46,218,0
275,2,47,446,0
276,2,48,282,0
277,2,49,54,0
278,2,50,346,0
279,2,51,118,0
280,2,52,410,0
281,2,53,182,0
282,2,54,18,0
283,2,55,246,0
284,2,56,82,0
285,2,57,310,0
286,2,58,146,0
287,2,59,374,0
288,2,60,210,0
289,2,61,438,0
290,2,62,274,0
291,2,63,46,0
292,2,64,338,0
293,2,65,110,0
294,2,66,402,0
295,2,67,174,0
296,2,68,10,0
297,2,69,238,0
298,2,70,74,0
299,2,71,302,0
300,2,72,138,0
301,2,73,366,0
302,2,74,202,0
303,2,75,430,0
304,2,76,266,0
305,2,77,38,0
306,2,78,330,0
307,2,79,102,0
308,2,80,394,0
309,2,81,166,0
310,2,82,2,0
311,2,83,230,0
312,2,84,66,0
313,2,85,294,0
314,2,86,130,0
315,2,87,358,0
316,2,88,194,0
317,2,89,422,0
318,2,90,258,0
319,2,91,30,0
320,2,92,322,0
321,2,93,94,0
322,2,94,386,0
323,2,95,158,0
324,2,96,450,0
325,2,97,222,0
326,2,98,58,0
327,2,99,286,0
328,2,100,122,0
329,2,101,350,0
330,2,102,186,0
331,2,103,414,0
332,2,104,250,0
333,2,105,22,0
334,2,106,314,0
335,2,107,86,0
336,2,108,378,0
337,2,109,150,0
338,2,110,442,0
339,2,111,214,0
340,2,112,50,0
341,2,113,278,0
342,3,0,171,1
343,3,1,399,1
344,3,2,235,1
345,3,3,7,1
346,3,4,299,1
347,3,5,71,1
348,3,6,363,1
349,3,7,135,1
350,3,8,427,1
351,3,9,199,1
352,3,10,35,1
353,3,11,263,1
354,3,12,99,1
355,3,13,327,1
356,3,14,163,1
357,3,15,391,1
358,3,16,227,1
359,3,17,455,1
360,3,18,291,1
361,3,19,63,1
362,3,20,355,1
363,3,21,127,1
364,3,22,419,1
365,3,23,191,1
366,3,24,27,1
367,3,25,255,1
368,3,26,91,1
369,3,27,319,1
370,3,28,155,1
371,3,29,383,1
372,3,30,219,1
373,3,31,447,1
374,3,32,283,1
375,3,33,55,1
376,3,34,347,1
377,3,35,119,1
378,3,36,411,1
379,3,37,183,1
380,3,38,19,1
381,3,39,247,1
382,3,40,83,1
383,3,41,311,1
384,3,42,147,1
385,3,43,375,1
386,3,44,211,1
387,3,45,439,1
388,3,46,275,1
389,3,47,47,1
390,3,48,339,1
391,3,49,111,1
392,3,50,403,1
393,3,51,175,1
394,3,52,11,1
395,3,53,239,1
396,3,54,75,1
397,3,55,303,1
398,3,56,139,1
399,3,57,367,1
400,3,58,203,1
401,3,59,431,1
402,3,60,267,1
403,3,61,39,1
404,3,62,331,1
405,3,63,103,1
406,3,64,395,1
407,3,65,167,1
408,3,66,3,1
409,3,67,231,1
410,3,68,67,1
411,3,69,295,1
412,3,70,131,1
413,3,71,359,1
414,3,72,195,1
415,3,73,423,1
416,3,74,259,1
417,3,75,31,1
418,3,76,323,1
419,3,77,95,1
420,3,78,387,1
421,3,79,159,1
422,3,80,451,1
423,3,81,223,1
424,3,82,59,1
425,3,83,287,1
426,3,84,123,1
427,3,85,351,1
428,3,86,187,1
429,3,87,415,1
430,3,88,251,1
431,3,89,23,1
432,3,90,315,1
433,3,91,87,1
434,3,92,379,1
435,3,93,151,1
436,3,94,443,1
437,3,95,215,1
438,3,96,51,1
439,3,97,279,1
440,3,98,115,1
441,3,99,343,1
442,3,100,179,1
443,3,101,407,1
444,3,102,243,1
445,3,103,15,1
446,3,104,307,1
447,3,105,79,1
448,3,106,371,1
449,3,107,143,1
450,3,108,435,1
451,3,109,207,1
452,3,110,43,1
453,3,111,271,1
454,3,112,107,1
455,3,113,335,1
